"Kategori","Sub Kategori","Nama_Barang","NIBAR"," Nomor Register","Spesifikasi Nama Barang","Spesifikasi Lainnya","","Merek/tipe","Lokasi","Nomor Polisi","Nomor Rangka","Nomor Mesin","Nomor BPKB","Jumlah","Satuan","","Harga Satuan Perolehan Rp.","Nilai Perolehan Rp.","Cara Perolehan","Tanggal Perolehan","Status Penggunaan","","Keterangan","","No. BAST","Pengguna","Bidang","Link","Masa berlaku Pajak","Masa berlaku STNK","Ket"
"Alat Studio","Peralatan Studio Audio","Audio Mixing Stationer","1101001135000000000000020191320601010030000001","1101001135000000000000020191320601010030000001","Audio Mixing Stationer","    ","","Merk: SARAMONIC ","Jln. Tgk. Mohd. Daud Beureueh No. 26 Kuta Alam Kuta Alam Banda Aceh     ","","","","","1.00","unit","","4,565,000.00","4,565,000.00","Pengadaan APBD","12/31/2019","BADAN PERENCANAAN PEMBANGUNAN DAERAH ACEH","","Audio Mixer MixMic","","","","","","","",""
"Alat Studio","Peralatan Studio Audio","Audio Mixing Stationer","1101001135000000000000020191320601010030000002","1101001135000000000000020191320601010030000002","Audio Mixing Stationer","    ","","Merk: SARAMONIC ","Jln. Tgk. Mohd. Daud Beureueh No. 26 Kuta Alam Kuta Alam Banda Aceh     ","","","","","1.00","unit","","4,565,000.00","4,565,000.00","Pengadaan APBD","12/31/2019","BADAN PERENCANAAN PEMBANGUNAN DAERAH ACEH","","Audio Mixer MixMic","","","","","","","",""
"Alat Studio","Peralatan Studio Audio","Audio Monitor Active","1101001135000000000000020131320601010080000001","1101001135000000000000020131320601010080000001","Audio Monitor Active","    ","","Merk: Promethean / ActiveBoard 395 Pro Adjustable System ","Jln. Tgk. Mohd. Daud Beureueh No. 26 Kuta Alam Kuta Alam Banda Aceh     ","","","","","1.00","unit","","179,880,000.00","179,880,000.00","Pengadaan APBD","12/31/2013","BADAN PERENCANAAN PEMBANGUNAN DAERAH ACEH","","","","","","","","","",""
"Alat Studio","Peralatan Studio Audio","Microphone/Wireless MIC","1101001135000000000000020171320601010360000001","1101001135000000000000020171320601010360000001","Microphone/Wireless MIC","    ","","Merk: Shure / UR 8d ","Jln. Tgk. Mohd. Daud Beureueh No. 26 Kuta Alam Kuta Alam Banda Aceh     ","","","","","1.00","unit","","3,080,000.00","3,080,000.00","Pengadaan APBD","12/31/2017","BADAN PERENCANAAN PEMBANGUNAN DAERAH ACEH","","Microphone wireless","","","","","","","",""
"Alat Studio","Peralatan Studio Audio","Microphone/Wireless MIC","1101001135000000000000020221320601010360000001","1101001135000000000000020221320601010360000001","Microphone/Wireless MIC","    ","","Merk: Microphone Wireless Vocal (Saramonic Blink 500 B2) ","Jln. Tgk. Mohd. Daud Beureueh No. 26 Kuta Alam Kuta Alam Banda Aceh     ","","","","","1.00","unit","","2,919,300.00","2,919,300.00","Pengadaan APBD","12/31/2022","BADAN PERENCANAAN PEMBANGUNAN DAERAH ACEH","","Alat Studio Lainnya","","","","","","","",""
"Alat Studio","Peralatan Studio Audio","Microphone/Wireless MIC","1101001135000000000000020221320601010360000002","1101001135000000000000020221320601010360000002","Microphone/Wireless MIC","    ","","Merk: Microphone Wireless Vocal (Saramonic Blink 500 B2) ","Jln. Tgk. Mohd. Daud Beureueh No. 26 Kuta Alam Kuta Alam Banda Aceh     ","","","","","1.00","unit","","2,919,300.00","2,919,300.00","Pengadaan APBD","12/31/2022","BADAN PERENCANAAN PEMBANGUNAN DAERAH ACEH","","Alat Studio Lainnya","","","","","","","",""
"Alat Studio","Peralatan Studio Audio","Microphone/Wireless MIC","110111003500000000000020231320601010360000001","110111003500000000000020231320601010360000001","Mic Wireles","ur Windscreen 8ms Ultra-low Latency USB-C Charging Port (DC 5V)  ","","Merk: Saramonic  Tipe: Blink 500 Pro X RXC","-  Kel. Kuta Alam Kec. Kuta Alam KOTA BANDA ACEH PROVINSI ACEH","","","","","1.00","unit","","1,615,000.00","1,615,000.00","Pengadaan APBD","12/1/2023","BADAN PERENCANAAN PEMBANGUNAN DAERAH ACEH","","","","","","","","","",""
"Alat Studio","Peralatan Studio Audio","Power Supply Microphone","1101001135000000000000020161320601010400000001","1101001135000000000000020161320601010400000001","Power Supply Microphone","    ","","Merk: Bosch ","Jln. Tgk. Mohd. Daud Beureueh No. 26 Kuta Alam Kuta Alam Banda Aceh     ","","","","","1.00","unit","","26,450,000.00","26,450,000.00","Pengadaan APBD","12/31/2016","BADAN PERENCANAAN PEMBANGUNAN DAERAH ACEH","","","","","","","","","",""
"Alat Studio","Peralatan Studio Audio","Uninterruptible Power Supply (UPS)","1101001135000000000000020061320601010480000001","1101001135000000000000020061320601010480000001","Uninterruptible Power Supply (UPS)","    ","","Merk: 30 A ","Jln. Tgk. Mohd. Daud Beureueh No. 26 Kuta Alam Kuta Alam Banda Aceh     ","","","","","1.00","unit","","1,000,000.00","1,000,000.00","Hibah","12/31/2006","BADAN PERENCANAAN PEMBANGUNAN DAERAH ACEH","","Hibah BRR sesuai dengan LHI. Thn 2011 No. LHI.012. BAPPEDA/ACEH/TLBRR/VIII/2011","","","","","","","",""
"Alat Studio","Peralatan Studio Audio","Uninterruptible Power Supply (UPS)","1101001135000000000000020061320601010480000002","1101001135000000000000020061320601010480000002","Uninterruptible Power Supply (UPS)","    ","","Merk: 30 A ","Jln. Tgk. Mohd. Daud Beureueh No. 26 Kuta Alam Kuta Alam Banda Aceh     ","","","","","1.00","unit","","1,000,000.00","1,000,000.00","Hibah","12/31/2006","BADAN PERENCANAAN PEMBANGUNAN DAERAH ACEH","","Hibah BRR sesuai dengan LHI. Thn 2011 No. LHI.012. BAPPEDA/ACEH/TLBRR/VIII/2011","","","","","","","",""
"Alat Studio","Peralatan Studio Audio","Uninterruptible Power Supply (UPS)","1101001135000000000000020061320601010480000003","1101001135000000000000020061320601010480000003","Uninterruptible Power Supply (UPS)","    ","","Merk: 30 A ","Jln. Tgk. Mohd. Daud Beureueh No. 26 Kuta Alam Kuta Alam Banda Aceh     ","","","","","1.00","unit","","1,000,000.00","1,000,000.00","Hibah","12/31/2006","BADAN PERENCANAAN PEMBANGUNAN DAERAH ACEH","","Hibah BRR sesuai dengan LHI. Thn 2011 No. LHI.012. BAPPEDA/ACEH/TLBRR/VIII/2011","","","","","","","",""
"Alat Studio","Peralatan Studio Audio","Uninterruptible Power Supply (UPS)","1101001135000000000000020061320601010480000004","1101001135000000000000020061320601010480000004","Uninterruptible Power Supply (UPS)","    ","","Merk: 30 A ","Jln. Tgk. Mohd. Daud Beureueh No. 26 Kuta Alam Kuta Alam Banda Aceh     ","","","","","1.00","unit","","1,000,000.00","1,000,000.00","Hibah","12/31/2006","BADAN PERENCANAAN PEMBANGUNAN DAERAH ACEH","","Hibah BRR sesuai dengan LHI. Thn 2011 No. LHI.012. BAPPEDA/ACEH/TLBRR/VIII/2011","","","","","","","",""
"Alat Studio","Peralatan Studio Audio","Uninterruptible Power Supply (UPS)","1101001135000000000000020061320601010480000005","1101001135000000000000020061320601010480000005","Uninterruptible Power Supply (UPS)","    ","","Merk: 30 A ","Jln. Tgk. Mohd. Daud Beureueh No. 26 Kuta Alam Kuta Alam Banda Aceh     ","","","","","1.00","unit","","1,000,000.00","1,000,000.00","Hibah","12/31/2006","BADAN PERENCANAAN PEMBANGUNAN DAERAH ACEH","","Hibah BRR sesuai dengan LHI. Thn 2011 No. LHI.012. BAPPEDA/ACEH/TLBRR/VIII/2011","","","","","","","",""
"Alat Studio","Peralatan Studio Audio","Chairman/Audio Conference","1101001135000000000000020161320601010640000001","1101001135000000000000020161320601010640000001","Chairman/Audio Conference","    ","","Merk: Bosch ","Jln. Tgk. Mohd. Daud Beureueh No. 26 Kuta Alam Kuta Alam Banda Aceh     ","","","","","1.00","unit","","9,597,000.00","9,597,000.00","Pengadaan APBD","12/31/2016","BADAN PERENCANAAN PEMBANGUNAN DAERAH ACEH","","","","","","","","","",""
"Alat Studio","Peralatan Studio Audio","Digital Audio Taperecorder","1101001135000000000000020121320601010750000001","1101001135000000000000020121320601010750000001","Digital Audio Taperecorder","    ","","Merk: Sony / ICD-UX523F (Voice Recorder) ","Jln. Tgk. Mohd. Daud Beureueh No. 26 Kuta Alam Kuta Alam Banda Aceh     ","","","","","1.00","unit","","24,800,000.00","24,800,000.00","Pengadaan APBD","12/31/2012","BADAN PERENCANAAN PEMBANGUNAN DAERAH ACEH","","","","","","","","","",""
"Alat Studio","Peralatan Studio Audio","Voice Recorder","1101001135000000000000020171320601010870000001","1101001135000000000000020171320601010870000001","Voice Recorder","    ","","Merk: Sony / ICD PX440 ","Jln. Tgk. Mohd. Daud Beureueh No. 26 Kuta Alam Kuta Alam Banda Aceh     ","","","","","1.00","unit","","1,045,000.00","1,045,000.00","Pengadaan APBD","12/31/2017","BADAN PERENCANAAN PEMBANGUNAN DAERAH ACEH","","Voice Recorder","","","","","","","",""
"Alat Studio","Peralatan Studio Audio","Voice Recorder","1101001135000000000000020171320601010870000002","1101001135000000000000020171320601010870000002","Voice Recorder","    ","","Merk: Sony / ICD PX333 ","Jln. Tgk. Mohd. Daud Beureueh No. 26 Kuta Alam Kuta Alam Banda Aceh     ","","","","","1.00","unit","","1,045,000.00","1,045,000.00","Pengadaan APBD","12/31/2017","BADAN PERENCANAAN PEMBANGUNAN DAERAH ACEH","","Voice Recorder","","","","","","","",""
"Alat Studio","Peralatan Studio Audio","Voice Recorder","1101001135000000000000020171320601010870000003","1101001135000000000000020171320601010870000003","Voice Recorder","    ","","Merk: Sony / UX560F ","Jln. Tgk. Mohd. Daud Beureueh No. 26 Kuta Alam Kuta Alam Banda Aceh     ","","","","","1.00","unit","","1,980,000.00","1,980,000.00","Pengadaan APBD","12/31/2017","BADAN PERENCANAAN PEMBANGUNAN DAERAH ACEH","","Voice Recorder","","","","","","","",""
"Alat Studio","Peralatan Studio Audio","Voice Recorder","1101001135000000000000020171320601010870000004","1101001135000000000000020171320601010870000004","Voice Recorder","    ","","Merk: Sony / UX560F ","Jln. Tgk. Mohd. Daud Beureueh No. 26 Kuta Alam Kuta Alam Banda Aceh     ","","","","","1.00","unit","","1,980,000.00","1,980,000.00","Pengadaan APBD","12/31/2017","BADAN PERENCANAAN PEMBANGUNAN DAERAH ACEH","","Voice Recorder","","","","","","","",""
"Alat Studio","Peralatan Studio Audio","Voice Recorder","1101001135000000000000020191320601010870000001","1101001135000000000000020191320601010870000001","Voice Recorder","    ","","Merk: Sony ICD-UX560 Digital Voice Recorderwith Built-in USB-Black ","Jln. Tgk. Mohd. Daud Beureueh No. 26 Kuta Alam Kuta Alam Banda Aceh     ","","","","","1.00","unit","","2,200,000.00","2,200,000.00","Pengadaan APBD","12/31/2019","BADAN PERENCANAAN PEMBANGUNAN DAERAH ACEH","","Voice Recorder","","","","","","","",""
"Alat Studio","Peralatan Studio Audio","Voice Recorder","1101001135000000000000020191320601010870000002","1101001135000000000000020191320601010870000002","Voice Recorder","    ","","Merk: Sony ICD-UX560 Digital Voice Recorderwith Built-in USB-Black ","Jln. Tgk. Mohd. Daud Beureueh No. 26 Kuta Alam Kuta Alam Banda Aceh     ","","","","","1.00","unit","","2,200,000.00","2,200,000.00","Pengadaan APBD","12/31/2019","BADAN PERENCANAAN PEMBANGUNAN DAERAH ACEH","","","","","","","","","",""
"Alat Studio","Peralatan Studio Audio","Voice Recorder","1101001135000000000000020191320601010870000003","1101001135000000000000020191320601010870000003","Voice Recorder","    ","","Merk: Sony ICD-UX560 Digital Voice Recorderwith Built-in USB-Black ","Jln. Tgk. Mohd. Daud Beureueh No. 26 Kuta Alam Kuta Alam Banda Aceh     ","","","","","1.00","unit","","2,200,000.00","2,200,000.00","Pengadaan APBD","12/31/2019","BADAN PERENCANAAN PEMBANGUNAN DAERAH ACEH","","","","","","","","","",""
"Alat Studio","Peralatan Studio Audio","Voice Recorder","1101001135000000000000020221320601010870000001","1101001135000000000000020221320601010870000001","Voice Recorder","    ","","Merk: Voice Recorder ","Jln. Tgk. Mohd. Daud Beureueh No. 26 Kuta Alam Kuta Alam Banda Aceh     ","","","","","1.00","unit","","1,550,000.00","1,550,000.00","Pengadaan APBD","12/31/2022","BADAN PERENCANAAN PEMBANGUNAN DAERAH ACEH","","Voice Recorder","","","","","","","",""
"Alat Studio","Peralatan Studio Audio","Digital LED Running Text","1101001135000000000000020211320601010900000001","1101001135000000000000020211320601010900000001","Digital LED Running Text","    ","","Merk: Tempahan ","Jln. Tgk. Mohd. Daud Beureueh No. 26 Kuta Alam Kuta Alam Banda Aceh     ","","","","","1.00","unit","","198,550,000.00","198,550,000.00","Pengadaan APBD","12/31/2021","BADAN PERENCANAAN PEMBANGUNAN DAERAH ACEH","","","","","","","","","",""
"Alat Studio","Peralatan Studio Audio","Digital LED Running Text","1101001135000000000000020221320601010900000001","1101001135000000000000020221320601010900000001","Digital LED Running Text","    ","","Merk: Videotron Indoor P2.5 (Qiangli Jucai, Q2.5-Pro) ","Jln. Tgk. Mohd. Daud Beureueh No. 26 Kuta Alam Kuta Alam Banda Aceh     ","","","","","1.00","unit","","176,400,000.00","176,400,000.00","Pengadaan APBD","12/31/2022","BADAN PERENCANAAN PEMBANGUNAN DAERAH ACEH","","Digital LED Running Taxt","","","","","","","",""
"Alat Studio","Peralatan Studio Audio","Digital LED Running Text","1101001135000000000000020221320601010900000002","1101001135000000000000020221320601010900000002","Digital LED Running Text","    ","","Merk: Videotron Indoor P2.5 (Qiangli Jucai, Q2.5-Pro) ","Jln. Tgk. Mohd. Daud Beureueh No. 26 Kuta Alam Kuta Alam Banda Aceh     ","","","","","1.00","unit","","294,000,000.00","294,000,000.00","Pengadaan APBD","12/31/2022","BADAN PERENCANAAN PEMBANGUNAN DAERAH ACEH","","Digital LED Running Taxt","","","","","","","",""
"Alat Studio","Peralatan Studio Audio","Peralatan Studio Audio Lainnya","1101001135000000000000020171320601010990000001","1101001135000000000000020171320601010990000001","Peralatan Studio Audio Lainnya","    ","","Merk: Replay Mini Plus / Gen 2 (30pad) ","Jln. Tgk. Mohd. Daud Beureueh No. 26 Kuta Alam Kuta Alam Banda Aceh     ","","","","","1.00","unit","","79,640,000.00","79,640,000.00","Pengadaan APBD","12/31/2017","BADAN PERENCANAAN PEMBANGUNAN DAERAH ACEH","","Audience Response System","","","","","","","",""
"Alat Studio","Peralatan Studio Audio","Camera Digital","110111003500000000000020231320601011020000001","110111003500000000000020231320601011020000001","Kamera","5184x3888 3.2 sentuh f/2.8 hingga f/22 Pelindung Sirkuit Pemotretan dan Kelebihan beban","","Merk: Panasonic  Lumix DC -GH5 Kit Panasonic Lumix G X Vario 35-100mm f/2.8 II Power O.I.S Tipe: Lumix DC -GH5 Kit Panasonic Lumix G X Vario 35-100mm f/2.8 II Power O.I.S","-  Kel. Kuta Alam Kec. Kuta Alam KOTA BANDA ACEH PROVINSI ACEH","","","","","1.00","unit","","47,345,000.00","47,345,000.00","Pengadaan APBD","8/21/2023","BADAN PERENCANAAN PEMBANGUNAN DAERAH ACEH","","","","89/BAST/X/2023 Tanggal  25-10-2023","Chandra Irani, SP, MM","Humas","","","",""
"Alat Studio","Peralatan Studio Audio","Camera Digital","110111003500000000000020231320601011020000002","110111003500000000000020231320601011020000002","Kamera","5184x3888 3.2 sentuh f/2.8 hingga f/22 Pelindung Sirkuit Pemotretan dan Kelebihan beban","","Merk: Panasonic  Lumix DC -GH5 Kit Panasonic Lumix G X Vario 35-100mm f/2.8 II Power O.I.S Tipe: Lumix DC -GH5 Kit Panasonic Lumix G X Vario 35-100mm f/2.8 II Power O.I.S","-  Kel. Kuta Alam Kec. Kuta Alam KOTA BANDA ACEH PROVINSI ACEH","","","","","1.00","unit","","47,345,000.00","47,345,000.00","Pengadaan APBD","8/21/2023","BADAN PERENCANAAN PEMBANGUNAN DAERAH ACEH","","","","89/BAST/X/2023 Tanggal  25-10-2023","Chandra Irani, SP, MM","Humas","","","",""
"Alat Studio","Peralatan Studio Audio","Camera Digital","110111003500000000000020231320601011020000003","110111003500000000000020231320601011020000003","Camera Digital","Pack 1020 mAh BIONZ X image Processor XGA 2.36M-Dot Aperture Range f/2.8 to f/22 Internal Focus AF/MF Switch","","Merk: SONY Tipe: SONY A7II KIT SONY FE 24-70mm F2.8 GM","-  Kel. Kuta Alam Kec. Kuta Alam KOTA BANDA ACEH PROVINSI ACEH","","","","","1.00","unit","","47,350,000.00","47,350,000.00","Pengadaan APBD","12/11/2023","BADAN PERENCANAAN PEMBANGUNAN DAERAH ACEH","","","","","","","","","",""
"Alat Studio","Peralatan Studio Video dan Film","Video Monitor","1101001135000000000000020131320601020120000001","1101001135000000000000020131320601020120000001","Video Monitor","    ","","Merk: Avtech / IR 8 CH - CCTV ","Jln. Tgk. Mohd. Daud Beureueh No. 26 Kuta Alam Kuta Alam Banda Aceh     ","","","","","1.00","unit","","6,900,000.00","6,900,000.00","Pengadaan APBD","12/31/2013","BADAN PERENCANAAN PEMBANGUNAN DAERAH ACEH","","","","","","","","","",""
"Alat Studio","Peralatan Studio Video dan Film","Video Monitor","1101001135000000000000020131320601020120000002","1101001135000000000000020131320601020120000002","Video Monitor","    ","","Merk: Avtech / IR 8 CH - CCTV ","Jln. Tgk. Mohd. Daud Beureueh No. 26 Kuta Alam Kuta Alam Banda Aceh     ","","","","","1.00","unit","","6,900,000.00","6,900,000.00","Pengadaan APBD","12/31/2013","BADAN PERENCANAAN PEMBANGUNAN DAERAH ACEH","","PADA P2K","","","","","","","",""
"Alat Studio","Peralatan Studio Video dan Film","Video Monitor","1101001135000000000000020221320601020120000001","1101001135000000000000020221320601020120000001","Video Monitor","    ","","Merk: Digital Signage Interactive Display (Samsung Interactive Flat Panel 85 inchi ","Jln. Tgk. Mohd. Daud Beureueh No. 26 Kuta Alam Kuta Alam Banda Aceh     ","","","","","1.00","unit","","154,400,000.00","154,400,000.00","Pengadaan APBD","12/31/2022","BADAN PERENCANAAN PEMBANGUNAN DAERAH ACEH","","Video Monitor","","","","","","","",""
"Alat Studio","Peralatan Studio Video dan Film","Tripod Camera","1101001135000000000000020201320601020450000001","1101001135000000000000020201320601020450000001","Tripod Camera","    ","","Merk: Gimbal Kamera Digital/Action Cam (Zhiyun Crane Plus) ","Jln. Tgk. Mohd. Daud Beureueh No. 26 Kuta Alam Kuta Alam Banda Aceh     ","","","","","1.00","unit","","8,470,000.00","8,470,000.00","Pengadaan APBD","12/31/2020","BADAN PERENCANAAN PEMBANGUNAN DAERAH ACEH","","","","","","","","","",""
"Alat Studio","Peralatan Studio Video dan Film","Tripod Camera","1101001135000000000000020201320601020450000002","1101001135000000000000020201320601020450000002","Tripod Camera","    ","","Merk: Gimbal Kamera Digital/Action Cam (Zhiyun Crane Plus) ","Jln. Tgk. Mohd. Daud Beureueh No. 26 Kuta Alam Kuta Alam Banda Aceh     ","","","","","1.00","unit","","8,470,000.00","8,470,000.00","Pengadaan APBD","12/31/2020","BADAN PERENCANAAN PEMBANGUNAN DAERAH ACEH","","","","","","","","","",""
"Alat Studio","Peralatan Studio Video dan Film","Tripod Camera","1101001135000000000000020201320601020450000003","1101001135000000000000020201320601020450000003","Tripod Camera","    ","","Merk: Gimbal Stabillizer (Zhiyun Crane 3) ","Jln. Tgk. Mohd. Daud Beureueh No. 26 Kuta Alam Kuta Alam Banda Aceh     ","","","","","1.00","unit","","12,100,000.00","12,100,000.00","Pengadaan APBD","12/31/2020","BADAN PERENCANAAN PEMBANGUNAN DAERAH ACEH","","","","","","","","","",""
"Alat Studio","Peralatan Studio Video dan Film","Tripod Camera","1101001135000000000000020211320601020450000001","1101001135000000000000020211320601020450000001","Tripod Camera","    ","","Merk: Takara Rover 77 ","Jln. Tgk. Mohd. Daud Beureueh No. 26 Kuta Alam Kuta Alam Banda Aceh     ","","","","","1.00","unit","","1,768,000.00","1,768,000.00","Pengadaan APBD","12/31/2021","BADAN PERENCANAAN PEMBANGUNAN DAERAH ACEH","","","","","","","","","",""
"Alat Studio","Peralatan Studio Video dan Film","Tripod Camera","1101001135000000000000020211320601020450000002","1101001135000000000000020211320601020450000002","Tripod Camera","    ","","Merk: Takara Rover 77 ","Jln. Tgk. Mohd. Daud Beureueh No. 26 Kuta Alam Kuta Alam Banda Aceh     ","","","","","1.00","unit","","1,768,000.00","1,768,000.00","Pengadaan APBD","12/31/2021","BADAN PERENCANAAN PEMBANGUNAN DAERAH ACEH","","","","","","","","","",""
"Alat Studio","Peralatan Studio Video dan Film","Tripod Camera","1101001135000000000000020211320601020450000003","1101001135000000000000020211320601020450000003","Tripod Camera","    ","","Merk: Takara Rover 77 ","Jln. Tgk. Mohd. Daud Beureueh No. 26 Kuta Alam Kuta Alam Banda Aceh     ","","","","","1.00","unit","","1,768,000.00","1,768,000.00","Pengadaan APBD","12/31/2021","BADAN PERENCANAAN PEMBANGUNAN DAERAH ACEH","","","","","","","","","",""
"Alat Studio","Peralatan Studio Video dan Film","Tripod Camera","1101001135000000000000020221320601020450000001","1101001135000000000000020221320601020450000001","Tripod Camera","    ","","Merk: Tripod Camera ","Jln. Tgk. Mohd. Daud Beureueh No. 26 Kuta Alam Kuta Alam Banda Aceh     ","","","","","1.00","unit","","2,327,000.00","2,327,000.00","Pengadaan APBD","12/31/2022","BADAN PERENCANAAN PEMBANGUNAN DAERAH ACEH","","Tripod Camera","","","","","","","",""
"Alat Studio","Peralatan Studio Video dan Film","Tripod Camera","1101001135000000000000020221320601020450000002","1101001135000000000000020221320601020450000002","Tripod Camera","    ","","Merk: Tripod Gimbal Stabilizer for DSLRN ","Jln. Tgk. Mohd. Daud Beureueh No. 26 Kuta Alam Kuta Alam Banda Aceh     ","","","","","1.00","unit","","7,000,000.00","7,000,000.00","Pengadaan APBD","12/31/2022","BADAN PERENCANAAN PEMBANGUNAN DAERAH ACEH","","Tripod Camera","","","","","","","",""
"Alat Studio","Peralatan Studio Video dan Film","Tripod Camera","110111003500000000000020231320601020450000001","110111003500000000000020231320601020450000001","Light Stand","840 mm 730 mm 1600g 3000g ","","Merk: VISICO lighstand air-cushion LS-8008CK  Tipe: lighstand air-cushion LS-8008CK ","-  Kel. Kuta Alam Kec. Kuta Alam KOTA BANDA ACEH PROVINSI ACEH","","","","","1.00","unit","","295,000.00","295,000.00","Pengadaan APBD","8/21/2023","BADAN PERENCANAAN PEMBANGUNAN DAERAH ACEH","","","","89/BAST/X/2023 Tanggal 25-10-2023","Chandra Irani, SP, MM","Humas","","","",""
"Alat Studio","Peralatan Studio Video dan Film","Tripod Camera","110111003500000000000020231320601020450000002","110111003500000000000020231320601020450000002","Light Stand","840 mm 730 mm 1600g 3000g ","","Merk: VISICO lighstand air-cushion LS-8008CK  Tipe: lighstand air-cushion LS-8008CK ","-  Kel. Kuta Alam Kec. Kuta Alam KOTA BANDA ACEH PROVINSI ACEH","","","","","1.00","unit","","295,000.00","295,000.00","Pengadaan APBD","8/21/2023","BADAN PERENCANAAN PEMBANGUNAN DAERAH ACEH","","","","89/BAST/X/2023 Tanggal 25-10-2023","Chandra Irani, SP, MM","Humas","","","",""
"Alat Studio","Peralatan Studio Video dan Film","Tripod Camera","110111003500000000000020231320601020450000003","110111003500000000000020231320601020450000003","Light Stand","840 mm 730 mm 1600g 3000g ","","Merk: VISICO lighstand air-cushion LS-8008CK  Tipe: lighstand air-cushion LS-8008CK ","-  Kel. Kuta Alam Kec. Kuta Alam KOTA BANDA ACEH PROVINSI ACEH","","","","","1.00","unit","","295,000.00","295,000.00","Pengadaan APBD","8/21/2023","BADAN PERENCANAAN PEMBANGUNAN DAERAH ACEH","","","","89/BAST/X/2023 Tanggal 25-10-2023","Chandra Irani, SP, MM","Humas","","","",""
"Alat Studio","Peralatan Studio Video dan Film","Tripod Camera","110111003500000000000020231320601020450000004","110111003500000000000020231320601020450000004","Light Stand","840 mm 730 mm 1600g 3000g ","","Merk: VISICO lighstand air-cushion LS-8008CK  Tipe: lighstand air-cushion LS-8008CK ","-  Kel. Kuta Alam Kec. Kuta Alam KOTA BANDA ACEH PROVINSI ACEH","","","","","1.00","unit","","295,000.00","295,000.00","Pengadaan APBD","8/21/2023","BADAN PERENCANAAN PEMBANGUNAN DAERAH ACEH","","","","89/BAST/X/2023 Tanggal 25-10-2023","Chandra Irani, SP, MM","Humas","","","",""
"Alat Studio","Peralatan Studio Video dan Film","Tripod Camera","110111003500000000000020231320601020450000005","110111003500000000000020231320601020450000005","Light Stand","840 mm 730 mm 1600g 3000g ","","Merk: VISICO lighstand air-cushion LS-8008CK  Tipe: lighstand air-cushion LS-8008CK ","-  Kel. Kuta Alam Kec. Kuta Alam KOTA BANDA ACEH PROVINSI ACEH","","","","","1.00","unit","","295,000.00","295,000.00","Pengadaan APBD","8/21/2023","BADAN PERENCANAAN PEMBANGUNAN DAERAH ACEH","","","","89/BAST/X/2023 Tanggal 25-10-2023","Chandra Irani, SP, MM","Humas","","","",""
"Alat Studio","Peralatan Studio Video dan Film","Tripod Camera","110111003500000000000020231320601020450000006","110111003500000000000020231320601020450000006","Light Stand","840 mm 730 mm 1600g 3000g ","","Merk: VISICO lighstand air-cushion LS-8008CK  Tipe: lighstand air-cushion LS-8008CK ","-  Kel. Kuta Alam Kec. Kuta Alam KOTA BANDA ACEH PROVINSI ACEH","","","","","1.00","unit","","295,000.00","295,000.00","Pengadaan APBD","8/21/2023","BADAN PERENCANAAN PEMBANGUNAN DAERAH ACEH","","","","89/BAST/X/2023 Tanggal 25-10-2023","Chandra Irani, SP, MM","Humas","","","",""
"Alat Studio","Peralatan Studio Video dan Film","Tripod Camera","110111003500000000000020231320601020450000007","110111003500000000000020231320601020450000007","Light Stand","840 mm 730 mm 1600g 3000g ","","Merk: VISICO lighstand air-cushion LS-8008CK  Tipe: lighstand air-cushion LS-8008CK ","-  Kel. Kuta Alam Kec. Kuta Alam KOTA BANDA ACEH PROVINSI ACEH","","","","","1.00","unit","","295,000.00","295,000.00","Pengadaan APBD","8/21/2023","BADAN PERENCANAAN PEMBANGUNAN DAERAH ACEH","","","","89/BAST/X/2023 Tanggal 25-10-2023","Chandra Irani, SP, MM","Humas","","","",""
"Alat Studio","Peralatan Studio Video dan Film","Tripod Camera","1102001135000000000000020111320601020450000001","1102001135000000000000020111320601020450000001","Tripod Camera","    ","","Merk: EXXEL ","Jln. Tgk. Mohd. Daud Beureueh No. 26 Kuta Alam Kuta Alam Banda Aceh     ","","","","","1.00","unit","","399,727.00","399,727.00","Pengadaan APBD","12/31/2011","BADAN PERENCANAAN PEMBANGUNAN DAERAH ACEH","","APBA/ PADA P2K","","","","","","","",""
"Alat Studio","Peralatan Studio Video dan Film","Lensa Kamera","1101001135000000000000020131320601020610000001","1101001135000000000000020131320601020610000001","Lensa Kamera","    ","","Merk: Canon / EF-S (wide Angel Full Frame) ","Jln. Tgk. Mohd. Daud Beureueh No. 26 Kuta Alam Kuta Alam Banda Aceh     ","","","","","1.00","unit","","7,716,000.00","7,716,000.00","Pengadaan APBD","12/31/2013","BADAN PERENCANAAN PEMBANGUNAN DAERAH ACEH","","PADA P2K","","","","","","","",""
"Alat Studio","Peralatan Studio Video dan Film","Lensa Kamera","1101001135000000000000020131320601020610000002","1101001135000000000000020131320601020610000002","Lensa Kamera","    ","","Merk: Canon / EF - Lensa Zoom ","Jln. Tgk. Mohd. Daud Beureueh No. 26 Kuta Alam Kuta Alam Banda Aceh     ","","","","","1.00","unit","","8,910,000.00","8,910,000.00","Pengadaan APBD","12/31/2013","BADAN PERENCANAAN PEMBANGUNAN DAERAH ACEH","","PADA P2K","","","","","","","",""
"Alat Studio","Peralatan Studio Video dan Film","Lensa Kamera","1101001135000000000000020131320601020610000004","1101001135000000000000020131320601020610000004","Lensa Kamera","    ","","Merk: Canon / EF (Lensa Zoom) ","Jln. Tgk. Mohd. Daud Beureueh No. 26 Kuta Alam Kuta Alam Banda Aceh     ","","","","","1.00","unit","","11,294,000.00","11,294,000.00","Pengadaan APBD","12/31/2013","BADAN PERENCANAAN PEMBANGUNAN DAERAH ACEH","","","","","","","","","",""
"Alat Studio","Peralatan Studio Video dan Film","Lensa Kamera","1101001135000000000000020131320601020610000005","1101001135000000000000020131320601020610000005","Lensa Kamera","    ","","Merk: Canon / EF (Lensa Zoom) ","Jln. Tgk. Mohd. Daud Beureueh No. 26 Kuta Alam Kuta Alam Banda Aceh     ","","","","","1.00","unit","","11,294,000.00","11,294,000.00","Pengadaan APBD","12/31/2013","BADAN PERENCANAAN PEMBANGUNAN DAERAH ACEH","","","","","","","","","",""
"Alat Studio","Peralatan Studio Video dan Film","Lensa Kamera","1101001135000000000000020211320601020610000001","1101001135000000000000020211320601020610000001","Lensa Kamera","    ","","Merk: Tamron For Canon 17-35f/2.8-4 ","Jln. Tgk. Mohd. Daud Beureueh No. 26 Kuta Alam Kuta Alam Banda Aceh     ","","","","","1.00","unit","","14,317,000.00","14,317,000.00","Pengadaan APBD","12/31/2021","BADAN PERENCANAAN PEMBANGUNAN DAERAH ACEH","","","","","","","","","",""
"Alat Studio","Peralatan Studio Video dan Film","Lensa Kamera","1101001135000000000000020211320601020610000002","1101001135000000000000020211320601020610000002","Lensa Kamera","    ","","Merk: Sony Vario Tessar FE 16-35mm f4 ","Jln. Tgk. Mohd. Daud Beureueh No. 26 Kuta Alam Kuta Alam Banda Aceh     ","","","","","1.00","unit","","14,983,000.00","14,983,000.00","Pengadaan APBD","12/31/2021","BADAN PERENCANAAN PEMBANGUNAN DAERAH ACEH","","","","","","","","","",""
"Alat Studio","Peralatan Studio Video dan Film","Lensa Kamera","1101001135000000059899020131320601020610000001","1101001135000000059899020131320601020610000001","Lensa Kamera","    ","","Merk: Canon / EF (Lensa Zoom) ","Jln. Tgk. Mohd. Daud Beureueh No. 26 Kuta Alam Kuta Alam Banda Aceh     ","","","","","1.00","unit","","11,294,000.00","11,294,000.00","Pengadaan APBD","12/31/2013","BADAN PERENCANAAN PEMBANGUNAN DAERAH ACEH","","","","","","","","","",""
"Alat Studio","Peralatan Studio Video dan Film","Mixer PVC","1101001135000000000000020131320601020740000001","1101001135000000000000020131320601020740000001","Mixer PVC","    ","","Merk: Proel / M6 (Mini Mixer) ","Jln. Tgk. Mohd. Daud Beureueh No. 26 Kuta Alam Kuta Alam Banda Aceh     ","","","","","1.00","unit","","3,600,000.00","3,600,000.00","Pengadaan APBD","12/31/2013","BADAN PERENCANAAN PEMBANGUNAN DAERAH ACEH","","PADA P2K","","","","","","","",""
"Alat Studio","Peralatan Studio Video dan Film","Mixer PVC","110111003500000000000020231320601020740000001","110111003500000000000020231320601020740000001","Mixer PVC","Digital Mixer with USB interface 24-bit 8 Computer Connectivity  ","","Merk: TASCAM Mixcast 4 Audio Mixer Tipe: Mixcast 4 Audio Mixer","-  Kel. Kuta Alam Kec. Kuta Alam KOTA BANDA ACEH PROVINSI ACEH","","","","","1.00","unit","","11,282,000.00","11,282,000.00","Pengadaan APBD","8/3/2023","BADAN PERENCANAAN PEMBANGUNAN DAERAH ACEH","","","","","","","","","",""
"Alat Studio","Peralatan Studio Video dan Film","Layar Film/Projector","1101001135000000000000020171320601021050000001","1101001135000000000000020171320601021050000001","Layar Film/Projector","    ","","Merk: Panasonic / PT-LB332 ","Jln. Tgk. Mohd. Daud Beureueh No. 26 Kuta Alam Kuta Alam Banda Aceh     ","","","","","1.00","unit","","9,866,000.00","9,866,000.00","Pengadaan APBD","12/31/2017","BADAN PERENCANAAN PEMBANGUNAN DAERAH ACEH","","","","","","","","","",""
"Alat Studio","Peralatan Studio Video dan Film","Head Set","1101001135000000000000020221320601021160000001","1101001135000000000000020221320601021160000001","Head Set","    ","","Merk: Headphone (Rode NT-100) ","Jln. Tgk. Mohd. Daud Beureueh No. 26 Kuta Alam Kuta Alam Banda Aceh     ","","","","","1.00","unit","","3,191,250.00","3,191,250.00","Pengadaan APBD","12/31/2022","BADAN PERENCANAAN PEMBANGUNAN DAERAH ACEH","","Head Set","","","","","","","",""
"Alat Studio","Peralatan Studio Video dan Film","Head Set","1101001135000000000000020221320601021160000002","1101001135000000000000020221320601021160000002","Head Set","    ","","Merk: Headphone (Rode NT-100) ","Jln. Tgk. Mohd. Daud Beureueh No. 26 Kuta Alam Kuta Alam Banda Aceh     ","","","","","1.00","unit","","3,191,250.00","3,191,250.00","Pengadaan APBD","12/31/2022","BADAN PERENCANAAN PEMBANGUNAN DAERAH ACEH","","Head Set","","","","","","","",""
"Alat Studio","Peralatan Studio Video dan Film","Head Set","1101001135000000000000020221320601021160000003","1101001135000000000000020221320601021160000003","Head Set","    ","","Merk: Headphone (Rode NT-100) ","Jln. Tgk. Mohd. Daud Beureueh No. 26 Kuta Alam Kuta Alam Banda Aceh     ","","","","","1.00","unit","","3,191,250.00","3,191,250.00","Pengadaan APBD","12/31/2022","BADAN PERENCANAAN PEMBANGUNAN DAERAH ACEH","","Head Set","","","","","","","",""
"Alat Studio","Peralatan Studio Video dan Film","Head Set","1101001135000000000000020221320601021160000004","1101001135000000000000020221320601021160000004","Head Set","    ","","Merk: Headphone (Rode NT-100) ","Jln. Tgk. Mohd. Daud Beureueh No. 26 Kuta Alam Kuta Alam Banda Aceh     ","","","","","1.00","unit","","3,191,250.00","3,191,250.00","Pengadaan APBD","12/31/2022","BADAN PERENCANAAN PEMBANGUNAN DAERAH ACEH","","Head Set","","","","","","","",""
"Alat Studio","Peralatan Studio Video dan Film","Camera Digital","1101001135000000000000020091320601021260000001","1101001135000000000000020091320601021260000001","Camera Digital","    ","","Merk: Sony - pocket / Cyber-shot DSC-T7 ","Jln. Tgk. Mohd. Daud Beureueh No. 26 Kuta Alam Kuta Alam Banda Aceh     ","","","","","1.00","unit","","3,700,000.00","3,700,000.00","Pengadaan APBD","12/31/2009","BADAN PERENCANAAN PEMBANGUNAN DAERAH ACEH","","Camera Digital Pocket","","","","","","","",""
"Alat Studio","Peralatan Studio Video dan Film","Camera Digital","1101001135000000000000020091320601021260000002","1101001135000000000000020091320601021260000002","Camera Digital","    ","","Merk: Nikon - SLR / D3000 ","Jln. Tgk. Mohd. Daud Beureueh No. 26 Kuta Alam Kuta Alam Banda Aceh     ","","","","","1.00","unit","","10,300,000.00","10,300,000.00","Pengadaan APBD","12/31/2009","BADAN PERENCANAAN PEMBANGUNAN DAERAH ACEH","","Camera Digital SLR","","","","","","","",""
"Alat Studio","Peralatan Studio Video dan Film","Camera Digital","1101001135000000000000020101320601021260000001","1101001135000000000000020101320601021260000001","Camera Digital","    ","","Merk: Canon / EOS 550D ","Jln. Tgk. Mohd. Daud Beureueh No. 26 Kuta Alam Kuta Alam Banda Aceh     ","","","","","1.00","unit","","10,000,000.00","10,000,000.00","Pengadaan APBD","12/31/2010","BADAN PERENCANAAN PEMBANGUNAN DAERAH ACEH","","Camera Digital SLR","","","","","","","",""
"Alat Studio","Peralatan Studio Video dan Film","Camera Digital","1101001135000000000000020111320601021260000001","1101001135000000000000020111320601021260000001","Camera Digital","    ","","Merk: Canon - Pocket / FX-230 ","Jln. Tgk. Mohd. Daud Beureueh No. 26 Kuta Alam Kuta Alam Banda Aceh     ","","","","","1.00","unit","","3,623,750.00","3,623,750.00","Pengadaan APBD","12/31/2011","BADAN PERENCANAAN PEMBANGUNAN DAERAH ACEH","","Camera Digital PADA P2K","","","","","","","",""
"Alat Studio","Peralatan Studio Video dan Film","Camera Digital","1101001135000000000000020111320601021260000002","1101001135000000000000020111320601021260000002","Camera Digital","    ","","Merk: Canon - Pocket / FX-230 ","Jln. Tgk. Mohd. Daud Beureueh No. 26 Kuta Alam Kuta Alam Banda Aceh     ","","","","","1.00","unit","","3,623,750.00","3,623,750.00","Pengadaan APBD","12/31/2011","BADAN PERENCANAAN PEMBANGUNAN DAERAH ACEH","","Camera Digital PADA P2K","","","","","","","",""
"Alat Studio","Peralatan Studio Video dan Film","Camera Digital","1101001135000000000000020111320601021260000003","1101001135000000000000020111320601021260000003","Camera Digital","    ","","Merk: Canon - Pocket / FX-230 ","Jln. Tgk. Mohd. Daud Beureueh No. 26 Kuta Alam Kuta Alam Banda Aceh     ","","","","","1.00","unit","","3,623,750.00","3,623,750.00","Pengadaan APBD","12/31/2011","BADAN PERENCANAAN PEMBANGUNAN DAERAH ACEH","","Camera Digital PADA P2K","","","","","","","",""
"Alat Studio","Peralatan Studio Video dan Film","Camera Digital","1101001135000000000000020111320601021260000004","1101001135000000000000020111320601021260000004","Camera Digital","    ","","Merk: Canon - Pocket / FX-230 ","Jln. Tgk. Mohd. Daud Beureueh No. 26 Kuta Alam Kuta Alam Banda Aceh     ","","","","","1.00","unit","","3,623,750.00","3,623,750.00","Pengadaan APBD","12/31/2011","BADAN PERENCANAAN PEMBANGUNAN DAERAH ACEH","","Camera Digital PADA P2K","","","","","","","",""
"Alat Studio","Peralatan Studio Video dan Film","Camera Digital","1101001135000000000000020111320601021260000005","1101001135000000000000020111320601021260000005","Camera Digital","    ","","Merk: Canon / EOS 500D ","Jln. Tgk. Mohd. Daud Beureueh No. 26 Kuta Alam Kuta Alam Banda Aceh     ","","","","","1.00","unit","","10,290,000.00","10,290,000.00","Pengadaan APBD","12/31/2011","BADAN PERENCANAAN PEMBANGUNAN DAERAH ACEH","","Camera Digital SLR PADA P2K","","","","","","","",""
"Alat Studio","Peralatan Studio Video dan Film","Camera Digital","1101001135000000000000020121320601021260000001","1101001135000000000000020121320601021260000001","Camera Digital","    ","","Merk: Nikon / D3000 - SLR ","Jln. Tgk. Mohd. Daud Beureueh No. 26 Kuta Alam Kuta Alam Banda Aceh     ","","","","","1.00","unit","","4,750,000.00","4,750,000.00","Pengadaan APBD","12/31/2012","BADAN PERENCANAAN PEMBANGUNAN DAERAH ACEH","","Camera Digital SLR","","","","","","","",""
"Alat Studio","Peralatan Studio Video dan Film","Camera Digital","1101001135000000000000020121320601021260000002","1101001135000000000000020121320601021260000002","Camera Digital","    ","","Merk: Canon EOS 600D ","Jln. Tgk. Mohd. Daud Beureueh No. 26 Kuta Alam Kuta Alam Banda Aceh     ","","","","","1.00","unit","","7,750,000.00","7,750,000.00","Pengadaan APBD","12/31/2012","BADAN PERENCANAAN PEMBANGUNAN DAERAH ACEH","","Camera Digital SLR","","","","","","","",""
"Alat Studio","Peralatan Studio Video dan Film","Camera Digital","1101001135000000000000020131320601021260000001","1101001135000000000000020131320601021260000001","Camera Digital","    ","","Merk: Canon / Lampu Blitz ","Jln. Tgk. Mohd. Daud Beureueh No. 26 Kuta Alam Kuta Alam Banda Aceh     ","","","","","1.00","unit","","3,850,000.00","3,850,000.00","Pengadaan APBD","12/31/2013","BADAN PERENCANAAN PEMBANGUNAN DAERAH ACEH","","","","","","","","","",""
"Alat Studio","Peralatan Studio Video dan Film","Camera Digital","1101001135000000000000020131320601021260000002","1101001135000000000000020131320601021260000002","Camera Digital","    ","","Merk: Canon / 600 D ","Jln. Tgk. Mohd. Daud Beureueh No. 26 Kuta Alam Kuta Alam Banda Aceh     ","","","","","1.00","unit","","11,900,000.00","11,900,000.00","Pengadaan APBD","12/31/2013","BADAN PERENCANAAN PEMBANGUNAN DAERAH ACEH","","","","","","","","","",""
"Alat Studio","Peralatan Studio Video dan Film","Camera Digital","1101001135000000000000020141320601021260000001","1101001135000000000000020141320601021260000001","Camera Digital","    ","","Merk: Sony / Alpha A5000 ","Jln. Tgk. Mohd. Daud Beureueh No. 26 Kuta Alam Kuta Alam Banda Aceh     ","","","","","1.00","unit","","7,272,000.00","7,272,000.00","Pengadaan APBD","12/31/2014","BADAN PERENCANAAN PEMBANGUNAN DAERAH ACEH","","Kamera Digital","","","","","","","",""
"Alat Studio","Peralatan Studio Video dan Film","Camera Digital","1101001135000000000000020141320601021260000002","1101001135000000000000020141320601021260000002","Camera Digital","    ","","Merk: Sony / Alpha A5000 ","Jln. Tgk. Mohd. Daud Beureueh No. 26 Kuta Alam Kuta Alam Banda Aceh     ","","","","","1.00","unit","","7,272,000.00","7,272,000.00","Pengadaan APBD","12/31/2014","BADAN PERENCANAAN PEMBANGUNAN DAERAH ACEH","","Kamera Digital","","","","","","","",""
"Alat Studio","Peralatan Studio Video dan Film","Camera Digital","1101001135000000000000020141320601021260000003","1101001135000000000000020141320601021260000003","Camera Digital","    ","","Merk: Sony / Alpha A5000 ","Jln. Tgk. Mohd. Daud Beureueh No. 26 Kuta Alam Kuta Alam Banda Aceh     ","","","","","1.00","unit","","7,272,000.00","7,272,000.00","Pengadaan APBD","12/31/2014","BADAN PERENCANAAN PEMBANGUNAN DAERAH ACEH","","Kamera Digital","","","","","","","",""
"Alat Studio","Peralatan Studio Video dan Film","Camera Digital","1101001135000000000000020151320601021260000001","1101001135000000000000020151320601021260000001","Camera Digital","    ","","Merk: Canon Eos 750D ","Jln. Tgk. Mohd. Daud Beureueh No. 26 Kuta Alam Kuta Alam Banda Aceh     ","","","","","1.00","unit","","14,925,000.00","14,925,000.00","Pengadaan APBD","12/31/2015","BADAN PERENCANAAN PEMBANGUNAN DAERAH ACEH","","","","","","","","","",""
"Alat Studio","Peralatan Studio Video dan Film","Camera Digital","1101001135000000000000020151320601021260000002","1101001135000000000000020151320601021260000002","Camera Digital","    ","","Merk: Canon Eos 750D ","Jln. Tgk. Mohd. Daud Beureueh No. 26 Kuta Alam Kuta Alam Banda Aceh     ","","","","","1.00","unit","","14,925,000.00","14,925,000.00","Pengadaan APBD","12/31/2015","BADAN PERENCANAAN PEMBANGUNAN DAERAH ACEH","","","","","","","","","",""
"Alat Studio","Peralatan Studio Video dan Film","Camera Digital","1101001135000000000000020171320601021260000001","1101001135000000000000020171320601021260000001","Camera Digital","    ","","Merk: Go pro 5 Black ","Jln. Tgk. Mohd. Daud Beureueh No. 26 Kuta Alam Kuta Alam Banda Aceh     ","","","","","1.00","unit","","7,260,000.00","7,260,000.00","Pengadaan APBD","12/31/2017","BADAN PERENCANAAN PEMBANGUNAN DAERAH ACEH","","P2K","","","","","","","",""
"Alat Studio","Peralatan Studio Video dan Film","Camera Digital","1101001135000000000000020171320601021260000002","1101001135000000000000020171320601021260000002","Camera Digital","    ","","Merk: Go pro 5 Black ","Jln. Tgk. Mohd. Daud Beureueh No. 26 Kuta Alam Kuta Alam Banda Aceh     ","","","","","1.00","unit","","7,260,000.00","7,260,000.00","Pengadaan APBD","12/31/2017","BADAN PERENCANAAN PEMBANGUNAN DAERAH ACEH","","P2K","","","","","","","",""
"Alat Studio","Peralatan Studio Video dan Film","Camera Digital","1101001135000000000000020171320601021260000003","1101001135000000000000020171320601021260000003","Camera Digital","    ","","Merk: Sony / a5100 ","Jln. Tgk. Mohd. Daud Beureueh No. 26 Kuta Alam Kuta Alam Banda Aceh     ","","","","","1.00","unit","","10,615,000.00","10,615,000.00","Pengadaan APBD","12/31/2017","BADAN PERENCANAAN PEMBANGUNAN DAERAH ACEH","","","","","","","","","",""
"Alat Studio","Peralatan Studio Video dan Film","Camera Digital","1101001135000000000000020171320601021260000004","1101001135000000000000020171320601021260000004","Camera Digital","    ","","Merk: Sony / a5100 ","Jln. Tgk. Mohd. Daud Beureueh No. 26 Kuta Alam Kuta Alam Banda Aceh     ","","","","","1.00","unit","","10,615,000.00","10,615,000.00","Pengadaan APBD","12/31/2017","BADAN PERENCANAAN PEMBANGUNAN DAERAH ACEH","","","","","","","","","",""
"Alat Studio","Peralatan Studio Video dan Film","Camera Digital","1101001135000000000000020171320601021260000005","1101001135000000000000020171320601021260000005","Camera Digital","    ","","Merk: Sony / a5100 ","Jln. Tgk. Mohd. Daud Beureueh No. 26 Kuta Alam Kuta Alam Banda Aceh     ","","","","","1.00","unit","","10,615,000.00","10,615,000.00","Pengadaan APBD","12/31/2017","BADAN PERENCANAAN PEMBANGUNAN DAERAH ACEH","","","","","","","","","",""
"Alat Studio","Peralatan Studio Video dan Film","Camera Digital","1101001135000000000000020171320601021260000006","1101001135000000000000020171320601021260000006","Camera Digital","    ","","Merk: Sony / a5100 ","Jln. Tgk. Mohd. Daud Beureueh No. 26 Kuta Alam Kuta Alam Banda Aceh     ","","","","","1.00","unit","","10,615,000.00","10,615,000.00","Pengadaan APBD","12/31/2017","BADAN PERENCANAAN PEMBANGUNAN DAERAH ACEH","","","","","","","","","",""
"Alat Studio","Peralatan Studio Video dan Film","Camera Digital","1101001135000000000000020171320601021260000007","1101001135000000000000020171320601021260000007","Camera Digital","    ","","Merk: Sony / Alpha a6000 ","Jln. Tgk. Mohd. Daud Beureueh No. 26 Kuta Alam Kuta Alam Banda Aceh     ","","","","","1.00","unit","","12,430,000.00","12,430,000.00","Pengadaan APBD","12/31/2017","BADAN PERENCANAAN PEMBANGUNAN DAERAH ACEH","","Kamera Mirrorless Digital","","","","","","","",""
"Alat Studio","Peralatan Studio Video dan Film","Camera Digital","1101001135000000000000020171320601021260000008","1101001135000000000000020171320601021260000008","Camera Digital","    ","","Merk: Sony / Alpha a6000 ","Jln. Tgk. Mohd. Daud Beureueh No. 26 Kuta Alam Kuta Alam Banda Aceh     ","","","","","1.00","unit","","12,430,000.00","12,430,000.00","Pengadaan APBD","12/31/2017","BADAN PERENCANAAN PEMBANGUNAN DAERAH ACEH","","Kamera Mirrorrless digital","","","","","","","",""
"Alat Studio","Peralatan Studio Video dan Film","Camera Digital","1101001135000000000000020181320601021260000001","1101001135000000000000020181320601021260000001","Camera Digital","    ","","Merk: Canon EOS 800 Kit I ","Jln. Tgk. Mohd. Daud Beureueh No. 26 Kuta Alam Kuta Alam Banda Aceh     ","","","","","1.00","unit","","15,455,000.00","15,455,000.00","Pengadaan APBD","12/31/2018","BADAN PERENCANAAN PEMBANGUNAN DAERAH ACEH","","Kamera DSLR","","","","","","","",""
"Alat Studio","Peralatan Studio Video dan Film","Camera Digital","1101001135000000000000020191320601021260000001","1101001135000000000000020191320601021260000001","Camera Digital","    ","","Merk: Canon EOS M100 With Double Lens ","Jln. Tgk. Mohd. Daud Beureueh No. 26 Kuta Alam Kuta Alam Banda Aceh     ","","","","","1.00","unit","","10,175,000.00","10,175,000.00","Pengadaan APBD","12/31/2019","BADAN PERENCANAAN PEMBANGUNAN DAERAH ACEH","","Kamera Mirroless Double Lens","","","","","","","",""
"Alat Studio","Peralatan Studio Video dan Film","Camera Digital","1101001135000000000000020191320601021260000002","1101001135000000000000020191320601021260000002","Camera Digital","    ","","Merk: Canon EOS M100 With Double Lens ","Jln. Tgk. Mohd. Daud Beureueh No. 26 Kuta Alam Kuta Alam Banda Aceh     ","","","","","1.00","unit","","10,175,000.00","10,175,000.00","Pengadaan APBD","12/31/2019","BADAN PERENCANAAN PEMBANGUNAN DAERAH ACEH","","Kamera Mirroless Double Lens","","","","","","","",""
"Alat Studio","Peralatan Studio Video dan Film","Camera Digital","1101001135000000000000020191320601021260000003","1101001135000000000000020191320601021260000003","Camera Digital","    ","","Merk: CANON EOS M50 Kit Lens 15-45mm ","Jln. Tgk. Mohd. Daud Beureueh No. 26 Kuta Alam Kuta Alam Banda Aceh     ","","","","","1.00","unit","","10,245,000.00","10,245,000.00","Pengadaan APBD","12/31/2019","BADAN PERENCANAAN PEMBANGUNAN DAERAH ACEH","","Kamera Mirroless","","","","","","","",""
"Alat Studio","Peralatan Studio Video dan Film","Camera Digital","1101001135000000000000020191320601021260000004","1101001135000000000000020191320601021260000004","Camera Digital","    ","","Merk: Canon EOS 800D Kit With Double Lens ","Jln. Tgk. Mohd. Daud Beureueh No. 26 Kuta Alam Kuta Alam Banda Aceh     ","","","","","1.00","unit","","14,025,000.00","14,025,000.00","Pengadaan APBD","12/31/2019","BADAN PERENCANAAN PEMBANGUNAN DAERAH ACEH","","Kamera DSLR","","","","","","","",""
"Alat Studio","Peralatan Studio Video dan Film","Camera Digital","1101001135000000000000020201320601021260000001","1101001135000000000000020201320601021260000001","Camera Digital","    ","","Merk: Sony Alpha A7 II + FE 85mm f/1.8 ","Jln. Tgk. Mohd. Daud Beureueh No. 26 Kuta Alam Kuta Alam Banda Aceh     ","","","","","1.00","unit","","24,530,000.00","24,530,000.00","Pengadaan APBD","12/31/2020","BADAN PERENCANAAN PEMBANGUNAN DAERAH ACEH","","","","","","","","","",""
"Alat Studio","Peralatan Studio Video dan Film","Camera Digital","1101001135000000000000020201320601021260000002","1101001135000000000000020201320601021260000002","Camera Digital","    ","","Merk: Sony Alpha A7 II + FE 85mm f/1.8 ","Jln. Tgk. Mohd. Daud Beureueh No. 26 Kuta Alam Kuta Alam Banda Aceh     ","","","","","1.00","unit","","24,530,000.00","24,530,000.00","Pengadaan APBD","12/31/2020","BADAN PERENCANAAN PEMBANGUNAN DAERAH ACEH","","","","","","","","","",""
"Alat Studio","Peralatan Studio Video dan Film","Camera Digital","1101001135000000000000020211320601021260000001","1101001135000000000000020211320601021260000001","Camera Digital","    ","","Merk: Go Pro HERO 8 ","Jln. Tgk. Mohd. Daud Beureueh No. 26 Kuta Alam Kuta Alam Banda Aceh     ","","","","","1.00","unit","","8,800,000.00","8,800,000.00","Pengadaan APBD","12/31/2021","BADAN PERENCANAAN PEMBANGUNAN DAERAH ACEH","","","","","","","","","",""
"Alat Studio","Peralatan Studio Video dan Film","Camera Digital","1101001135000000000000020211320601021260000002","1101001135000000000000020211320601021260000002","Camera Digital","    ","","Merk: Go Pro HERO 8 ","Jln. Tgk. Mohd. Daud Beureueh No. 26 Kuta Alam Kuta Alam Banda Aceh     ","","","","","1.00","unit","","8,800,000.00","8,800,000.00","Pengadaan APBD","12/31/2021","BADAN PERENCANAAN PEMBANGUNAN DAERAH ACEH","","","","","","","","","",""
"Alat Studio","Peralatan Studio Video dan Film","Camera Digital","1101001135000000000000020211320601021260000003","1101001135000000000000020211320601021260000003","Camera Digital","    ","","Merk: Go Pro HERO 8 ","Jln. Tgk. Mohd. Daud Beureueh No. 26 Kuta Alam Kuta Alam Banda Aceh     ","","","","","1.00","unit","","8,800,000.00","8,800,000.00","Pengadaan APBD","12/31/2021","BADAN PERENCANAAN PEMBANGUNAN DAERAH ACEH","","","","","","","","","",""
"Alat Studio","Peralatan Studio Video dan Film","Camera Digital","1101001135000000000000020211320601021260000004","1101001135000000000000020211320601021260000004","Camera Digital","    ","","Merk: Go Pro HERO 8 ","Jln. Tgk. Mohd. Daud Beureueh No. 26 Kuta Alam Kuta Alam Banda Aceh     ","","","","","1.00","unit","","8,800,000.00","8,800,000.00","Pengadaan APBD","12/31/2021","BADAN PERENCANAAN PEMBANGUNAN DAERAH ACEH","","","","","","","","","",""
"Alat Studio","Peralatan Studio Video dan Film","Camera Digital","1101001135000000000000020221320601021260000001","1101001135000000000000020221320601021260000001","Camera Digital","    ","","Merk: Logitech Brio Webcam 4K+Tripod Excell ","Jln. Tgk. Mohd. Daud Beureueh No. 26 Kuta Alam Kuta Alam Banda Aceh     ","","","","","1.00","unit","","4,034,300.00","4,034,300.00","Pengadaan APBD","12/31/2022","BADAN PERENCANAAN PEMBANGUNAN DAERAH ACEH","","Camera Digital","","","","","","","",""
"Alat Studio","Peralatan Studio Video dan Film","Camera Digital","1101001135000000000000020221320601021260000002","1101001135000000000000020221320601021260000002","Camera Digital","    ","","Merk: Logitech Brio Webcam 4K+Tripod Excell ","Jln. Tgk. Mohd. Daud Beureueh No. 26 Kuta Alam Kuta Alam Banda Aceh     ","","","","","1.00","unit","","4,034,300.00","4,034,300.00","Pengadaan APBD","12/31/2022","BADAN PERENCANAAN PEMBANGUNAN DAERAH ACEH","","Camera Digital","","","","","","","",""
"Alat Studio","Peralatan Studio Video dan Film","Duplicator DVD","1101001135000000000000020171320601021610000001","1101001135000000000000020171320601021610000001","Duplicator DVD","    ","","Merk: Asus ","Jln. Tgk. Mohd. Daud Beureueh No. 26 Kuta Alam Kuta Alam Banda Aceh     ","","","","","1.00","unit","","13,750,000.00","13,750,000.00","Pengadaan APBD","12/31/2017","BADAN PERENCANAAN PEMBANGUNAN DAERAH ACEH","","DVD Tower Duplicator","","","","","","","",""
"Alat Studio","Peralatan Studio Video dan Film","Camera Conference","1101001135000000000000020221320601021630000001","1101001135000000000000020221320601021630000001","Camera Conference","    ","","Merk: Ful HD Camera Video Conference (Vannoe VN-F100-VC Webcam Camera Conference ","Jln. Tgk. Mohd. Daud Beureueh No. 26 Kuta Alam Kuta Alam Banda Aceh     ","","","","","1.00","unit","","4,377,000.00","4,377,000.00","Pengadaan APBD","12/31/2022","BADAN PERENCANAAN PEMBANGUNAN DAERAH ACEH","","Camera Conference","","","","","","","",""
"Alat Studio","Peralatan Studio Video dan Film","Video Wall Display System","1101001135000000000000020221320601021660000001","1101001135000000000000020221320601021660000001","Video Wall Display System","    ","","Merk: DJI Mavic 3 Fly More Combo ","Jln. Tgk. Mohd. Daud Beureueh No. 26 Kuta Alam Kuta Alam Banda Aceh     ","","","","","1.00","unit","","41,370,000.00","41,370,000.00","Pengadaan APBD","12/31/2022","BADAN PERENCANAAN PEMBANGUNAN DAERAH ACEH","","Unmanned Aerial Vehicle (Drone)","","","","","","","",""
"Alat Studio","Peralatan Studio Video dan Film","Printer (Peralatan Personal Komputer)","110111003500000000000020231320601021670000001","110111003500000000000020231320601021670000001","Printer","600x600dpi 1200x1200 dpi   ","","Merk: Laserjet Colour HP MFP M183FW Tipe: MFP M183FW","-  Kel. Kuta Alam Kec. Kuta Alam KOTA BANDA ACEH PROVINSI ACEH","","","","","1.00","unit","","9,395,000.00","9,395,000.00","Pengadaan APBD","8/21/2023","BADAN PERENCANAAN PEMBANGUNAN DAERAH ACEH","","","","","","","","","",""
"Alat Studio","Peralatan Studio Video dan Film","Printer (Peralatan Personal Komputer)","110111003500000000000020231320601021670000002","110111003500000000000020231320601021670000002","Printer ","600x600dpi 1200x1200 dpi   ","","Merk: Laserjet Colour HP MFP M183FW Tipe: MFP M183FW","-  Kel. Kuta Alam Kec. Kuta Alam KOTA BANDA ACEH PROVINSI ACEH","","","","","1.00","unit","","9,395,000.00","9,395,000.00","Pengadaan APBD","8/21/2023","BADAN PERENCANAAN PEMBANGUNAN DAERAH ACEH","","","","","","","","","",""
"Alat Studio","Peralatan Studio Video dan Film","Printer (Peralatan Personal Komputer)","110111003500000000000020231320601021670000003","110111003500000000000020231320601021670000003","Printer Laserjet Colour","up to 17 ppm up to 17 ppm up to 600 x 600 dpi up to 150 sheets 15 mm stack height in tray ","","Merk: HP Color Laserjet Pro M155a Tipe: Color Laserjet Pro M155a","-  Kel. Kuta Alam Kec. Kuta Alam KOTA BANDA ACEH PROVINSI ACEH","","","","","1.00","unit","","6,930,000.00","6,930,000.00","Pengadaan APBD","10/23/2023","BADAN PERENCANAAN PEMBANGUNAN DAERAH ACEH","","","","91/BAST/XI/2023 Tanggal 22-11-2023","Rizki Munanda, S. STP, M. Ec. Dev","TU Pimpinan","","","",""
"Alat Studio","Peralatan Studio Video dan Film","Printer (Peralatan Personal Komputer)","110111003500000000000020231320601021670000004","110111003500000000000020231320601021670000004","Printer Laserjet Colour","up to 17 ppm up to 17 ppm up to 600 x 600 dpi up to 150 sheets 15 mm stack height in tray ","","Merk: HP Color Laserjet Pro M155a Tipe: Color Laserjet Pro M155a","-  Kel. Kuta Alam Kec. Kuta Alam KOTA BANDA ACEH PROVINSI ACEH","","","","","1.00","unit","","6,930,000.00","6,930,000.00","Pengadaan APBD","10/23/2023","BADAN PERENCANAAN PEMBANGUNAN DAERAH ACEH","","","","","","","","","",""
"Alat Studio","Peralatan Studio Video dan Film","Printer (Peralatan Personal Komputer)","110111003500000000000020231320601021670000005","110111003500000000000020231320601021670000005","Printer A3","Inkjet Multifunction Print, Scan,Copy,Fax 28 ppm USB, WIFI ","","Merk: Brother MFC-J340DW A3 All in One Tipe: MFC-J340DW A3 All in One","-  Kel. Kuta Alam Kec. Kuta Alam KOTA BANDA ACEH PROVINSI ACEH","","","","","1.00","unit","","14,230,000.00","14,230,000.00","Pengadaan APBD","10/23/2023","BADAN PERENCANAAN PEMBANGUNAN DAERAH ACEH","","","","","","","","","",""
"Alat Studio","Peralatan Studio Video dan Film","Printer (Peralatan Personal Komputer)","110111003500000000000020231320601021670000006","110111003500000000000020231320601021670000006","Printer A3","Inkjet Multifunction Print, Scan,Copy,Fax 28 ppm USB, WIFI ","","Merk: Brother MFC-J340DW A3 All in One Tipe: MFC-J340DW A3 All in One","-  Kel. Kuta Alam Kec. Kuta Alam KOTA BANDA ACEH PROVINSI ACEH","","","","","1.00","unit","","14,230,000.00","14,230,000.00","Pengadaan APBD","10/23/2023","BADAN PERENCANAAN PEMBANGUNAN DAERAH ACEH","","","","","","","","","",""
"Alat Studio","Peralatan Studio Video dan Film","Printer (Peralatan Personal Komputer)","110111003500000000000020231320601021670000007","110111003500000000000020231320601021670000007","Printer Dot Matrik","impact dot matrix 362 x 275 x 154 mm (WxDxH) Speed Draft 10cpi:347 cps, 12 cpi, 416 cps  ","","Merk: Epson Dot Matrix LQ310 Tipe: Dot Matrix LQ310","  Kel. Kuta Alam Kec. Kuta Alam KOTA BANDA ACEH PROVINSI ACEH","","","","","1.00","unit","","9,530,000.00","9,530,000.00","Pengadaan APBD","10/23/2023","BADAN PERENCANAAN PEMBANGUNAN DAERAH ACEH","","","","","","","","","",""
"Alat Studio","Peralatan Studio Pemetaan/Peralatan Ukur Tanah","Kamera Udara","1101001135000000000000020171320601050470000001","1101001135000000000000020171320601050470000001","Kamera Udara","    ","","Merk: Dji Phantom / 4 Pro plus ","Jln. Tgk. Mohd. Daud Beureueh No. 26 Kuta Alam Kuta Alam Banda Aceh     ","","","","","1.00","unit","","42,019,000.00","42,019,000.00","Pengadaan APBD","12/31/2017","BADAN PERENCANAAN PEMBANGUNAN DAERAH ACEH","","Drone","","","","","","","",""
"Alat Studio","Peralatan Studio Pemetaan/Peralatan Ukur Tanah","Kamera Udara","1101001135000000000000020211320601050470000001","1101001135000000000000020211320601050470000001","Kamera Udara","    ","","Merk: Phantom 4 Pro V2 ","Jln. Tgk. Mohd. Daud Beureueh No. 26 Kuta Alam Kuta Alam Banda Aceh     ","","","","","1.00","unit","","34,760,000.00","34,760,000.00","Pengadaan APBD","12/31/2021","BADAN PERENCANAAN PEMBANGUNAN DAERAH ACEH","","","","","","","","","",""
"Alat Studio","Peralatan Studio Pemetaan/Peralatan Ukur Tanah","Kamera Udara","110111003500000000000020231320601050470000001","110111003500000000000020231320601050470000001","Baterai Drone","15.2 V Lipo 4S 160 w 89.2 Wh ","","Merk: DJI Intelligent Flight Battery For Phantom 4 Pro Tipe: Flight Battery For Phantom 4 Pro","-  Kel. Kuta Alam Kec. Kuta Alam KOTA BANDA ACEH PROVINSI ACEH","","","","","1.00","unit","","3,363,000.00","3,363,000.00","Pengadaan APBD","11/2/2023","BADAN PERENCANAAN PEMBANGUNAN DAERAH ACEH","","",""," 93/BAST/XI/2023 Tanggal 23-11-2023","Chandra Irani, SP, MM","Humas","","","",""
"Alat Studio","Peralatan Studio Pemetaan/Peralatan Ukur Tanah","Kamera Udara","110111003500000000000020231320601050470000002","110111003500000000000020231320601050470000002","Baterai Drone","15.2 V Lipo 4S 160 w 89.2 Wh ","","Merk: DJI Intelligent Flight Battery For Phantom 4 Pro Tipe: Flight Battery For Phantom 4 Pro","-  Kel. Kuta Alam Kec. Kuta Alam KOTA BANDA ACEH PROVINSI ACEH","","","","","1.00","unit","","3,363,000.00","3,363,000.00","Pengadaan APBD","11/2/2023","BADAN PERENCANAAN PEMBANGUNAN DAERAH ACEH","","",""," 93/BAST/XI/2023 Tanggal 23-11-2023","Chandra Irani, SP, MM","Humas","","","",""
"Alat Studio","Peralatan Studio Pemetaan/Peralatan Ukur Tanah","Kamera Udara","110111003500000000000020231320601050470000003","110111003500000000000020231320601050470000003","Baterai Drone","15.2 V Lipo 4S 160 w 89.2 Wh ","","Merk: DJI Intelligent Flight Battery For Phantom 4 Pro Tipe: Flight Battery For Phantom 4 Pro","-  Kel. Kuta Alam Kec. Kuta Alam KOTA BANDA ACEH PROVINSI ACEH","","","","","1.00","unit","","3,363,000.00","3,363,000.00","Pengadaan APBD","11/2/2023","BADAN PERENCANAAN PEMBANGUNAN DAERAH ACEH","","",""," 93/BAST/XI/2023 Tanggal 23-11-2023","Chandra Irani, SP, MM","Humas","","","",""
"Alat Studio","Peralatan Studio Pemetaan/Peralatan Ukur Tanah","Kamera Udara","110111003500000000000020231320601050470000004","110111003500000000000020231320601050470000004","Baterai Drone","15.2 V Lipo 4S 160 w 89.2 Wh ","","Merk: DJI Intelligent Flight Battery For Phantom 4 Pro Tipe: Flight Battery For Phantom 4 Pro","-  Kel. Kuta Alam Kec. Kuta Alam KOTA BANDA ACEH PROVINSI ACEH","","","","","1.00","unit","","3,363,000.00","3,363,000.00","Pengadaan APBD","11/2/2023","BADAN PERENCANAAN PEMBANGUNAN DAERAH ACEH","","",""," 93/BAST/XI/2023 Tanggal 23-11-2023","Chandra Irani, SP, MM","Humas","","","",""
"Alat Studio","Peralatan Studio Pemetaan/Peralatan Ukur Tanah","Kamera Udara","110111003500000000000020231320601050470000005","110111003500000000000020231320601050470000005","Baterai Drone","15.2 V Lipo 4S 160 w 89.2 Wh ","","Merk: DJI Intelligent Flight Battery For Phantom 4 Pro Tipe: Flight Battery For Phantom 4 Pro","-  Kel. Kuta Alam Kec. Kuta Alam KOTA BANDA ACEH PROVINSI ACEH","","","","","1.00","unit","","3,363,000.00","3,363,000.00","Pengadaan APBD","11/2/2023","BADAN PERENCANAAN PEMBANGUNAN DAERAH ACEH","","",""," 93/BAST/XI/2023 Tanggal 23-11-2023","Chandra Irani, SP, MM","Humas","","","",""
"Alat Komunikasi","Alat Komunikasi Telephone","Handy Talky (HT)","1101001135000000000000020101320602010060000001","1101001135000000000000020101320602010060000001","Handy Talky (HT)","    ","","Merk: Weier Wei / VEV3288s ","Jln. Tgk. Mohd. Daud Beureueh No. 26 Kuta Alam Kuta Alam Banda Aceh     ","","","","","1.00","unit","","1,000,000.00","1,000,000.00","Pengadaan APBD","12/31/2010","BADAN PERENCANAAN PEMBANGUNAN DAERAH ACEH","","","","","","","","","",""
"Alat Komunikasi","Alat Komunikasi Telephone","Handy Talky (HT)","1101001135000000000000020101320602010060000002","1101001135000000000000020101320602010060000002","Handy Talky (HT)","    ","","Merk: Weier Wei / VEV3288s ","Jln. Tgk. Mohd. Daud Beureueh No. 26 Kuta Alam Kuta Alam Banda Aceh     ","","","","","1.00","unit","","1,000,000.00","1,000,000.00","Pengadaan APBD","12/31/2010","BADAN PERENCANAAN PEMBANGUNAN DAERAH ACEH","","","","","","","","","",""
"Alat Komunikasi","Alat Komunikasi Telephone","Handy Talky (HT)","1101001135000000000000020101320602010060000003","1101001135000000000000020101320602010060000003","Handy Talky (HT)","    ","","Merk: Weier Wei / VEV3288s ","Jln. Tgk. Mohd. Daud Beureueh No. 26 Kuta Alam Kuta Alam Banda Aceh     ","","","","","1.00","unit","","1,000,000.00","1,000,000.00","Pengadaan APBD","12/31/2010","BADAN PERENCANAAN PEMBANGUNAN DAERAH ACEH","","","","","","","","","",""
"Alat Komunikasi","Alat Komunikasi Telephone","Handy Talky (HT)","1101001135000000000000020101320602010060000004","1101001135000000000000020101320602010060000004","Handy Talky (HT)","    ","","Merk: Weier Wei / VEV3288s ","Jln. Tgk. Mohd. Daud Beureueh No. 26 Kuta Alam Kuta Alam Banda Aceh     ","","","","","1.00","unit","","1,000,000.00","1,000,000.00","Pengadaan APBD","12/31/2010","BADAN PERENCANAAN PEMBANGUNAN DAERAH ACEH","","","","","","","","","",""
"Alat Komunikasi","Alat Komunikasi Telephone","Handy Talky (HT)","1101001135000000000000020101320602010060000005","1101001135000000000000020101320602010060000005","Handy Talky (HT)","    ","","Merk: Weier Wei / VEV3288s ","Jln. Tgk. Mohd. Daud Beureueh No. 26 Kuta Alam Kuta Alam Banda Aceh     ","","","","","1.00","unit","","1,000,000.00","1,000,000.00","Pengadaan APBD","12/31/2010","BADAN PERENCANAAN PEMBANGUNAN DAERAH ACEH","","","","","","","","","",""
"Alat Komunikasi","Alat Komunikasi Telephone","Handy Talky (HT)","1101001135000000000000020101320602010060000006","1101001135000000000000020101320602010060000006","Handy Talky (HT)","    ","","Merk: Weier Wei / VEV3288s ","Jln. Tgk. Mohd. Daud Beureueh No. 26 Kuta Alam Kuta Alam Banda Aceh     ","","","","","1.00","unit","","1,000,000.00","1,000,000.00","Pengadaan APBD","12/31/2010","BADAN PERENCANAAN PEMBANGUNAN DAERAH ACEH","","","","","","","","","",""
"Alat Komunikasi","Alat Komunikasi Telephone","Handy Talky (HT)","1101001135000000000000020101320602010060000007","1101001135000000000000020101320602010060000007","Handy Talky (HT)","    ","","Merk: Weier Wei / VEV3288s ","Jln. Tgk. Mohd. Daud Beureueh No. 26 Kuta Alam Kuta Alam Banda Aceh     ","","","","","1.00","unit","","1,000,000.00","1,000,000.00","Pengadaan APBD","12/31/2010","BADAN PERENCANAAN PEMBANGUNAN DAERAH ACEH","","","","","","","","","",""
"Alat Komunikasi","Alat Komunikasi Telephone","Handy Talky (HT)","1101001135000000000000020101320602010060000008","1101001135000000000000020101320602010060000008","Handy Talky (HT)","    ","","Merk: Weier Wei / VEV3288s ","Jln. Tgk. Mohd. Daud Beureueh No. 26 Kuta Alam Kuta Alam Banda Aceh     ","","","","","1.00","unit","","1,000,000.00","1,000,000.00","Pengadaan APBD","12/31/2010","BADAN PERENCANAAN PEMBANGUNAN DAERAH ACEH","","","","","","","","","",""
"Alat Komunikasi","Alat Komunikasi Telephone","Handy Talky (HT)","1101001135000000000000020101320602010060000009","1101001135000000000000020101320602010060000009","Handy Talky (HT)","    ","","Merk: Weier Wei / VEV3288s ","Jln. Tgk. Mohd. Daud Beureueh No. 26 Kuta Alam Kuta Alam Banda Aceh     ","","","","","1.00","unit","","1,000,000.00","1,000,000.00","Pengadaan APBD","12/31/2010","BADAN PERENCANAAN PEMBANGUNAN DAERAH ACEH","","","","","","","","","",""
"Alat Komunikasi","Alat Komunikasi Telephone","Handy Talky (HT)","1101001135000000000000020101320602010060000010","1101001135000000000000020101320602010060000010","Handy Talky (HT)","    ","","Merk: Weier Wei / VEV3288s ","Jln. Tgk. Mohd. Daud Beureueh No. 26 Kuta Alam Kuta Alam Banda Aceh     ","","","","","1.00","unit","","1,000,000.00","1,000,000.00","Pengadaan APBD","12/31/2010","BADAN PERENCANAAN PEMBANGUNAN DAERAH ACEH","","","","","","","","","",""
"Alat Komunikasi","Alat Komunikasi Telephone","Handy Talky (HT)","1101001135000000000000020221320602010060000001","1101001135000000000000020221320602010060000001","Handy Talky (HT)","    ","","Merk: Alinco DJ-MDS Digital Dual Band ","Jln. Tgk. Mohd. Daud Beureueh No. 26 Kuta Alam Kuta Alam Banda Aceh     ","","","","","1.00","unit","","4,530,000.00","4,530,000.00","Pengadaan APBD","12/31/2022","BADAN PERENCANAAN PEMBANGUNAN DAERAH ACEH","","Handy Talky (HT)","","","","","","","",""
"Alat Komunikasi","Alat Komunikasi Telephone","Handy Talky (HT)","1101001135000000000000020221320602010060000002","1101001135000000000000020221320602010060000002","Handy Talky (HT)","    ","","Merk: Alinco DJ-MDS Digital Dual Band ","Jln. Tgk. Mohd. Daud Beureueh No. 26 Kuta Alam Kuta Alam Banda Aceh     ","","","","","1.00","unit","","4,530,000.00","4,530,000.00","Pengadaan APBD","12/31/2022","BADAN PERENCANAAN PEMBANGUNAN DAERAH ACEH","","Handy Talky (HT)","","","","","","","",""
"Alat Komunikasi","Alat Komunikasi Telephone","Handy Talky (HT)","1101001135000000000000020221320602010060000003","1101001135000000000000020221320602010060000003","Handy Talky (HT)","    ","","Merk: Alinco DJ-MDS Digital Dual Band ","Jln. Tgk. Mohd. Daud Beureueh No. 26 Kuta Alam Kuta Alam Banda Aceh     ","","","","","1.00","unit","","4,530,000.00","4,530,000.00","Pengadaan APBD","12/31/2022","BADAN PERENCANAAN PEMBANGUNAN DAERAH ACEH","","Handy Talky (HT)","","","","","","","",""
"Alat Komunikasi","Alat Komunikasi Telephone","Facsimile","1101001135000000000000020071320602010100000001","1101001135000000000000020071320602010100000001","Facsimile","    ","","Merk: Panasonic / KF-FL402 ","Jln. Tgk. Mohd. Daud Beureueh No. 26 Kuta Alam Kuta Alam Banda Aceh     ","","","","","1.00","unit","","3,800,000.00","3,800,000.00","Pengadaan APBD","12/31/2007","BADAN PERENCANAAN PEMBANGUNAN DAERAH ACEH","","","","","","","","","",""
"Alat Komunikasi","Alat Komunikasi Telephone","Facsimile","1101001135000000000000020141320602010100000001","1101001135000000000000020141320602010100000001","Facsimile","    ","","Merk: Panasonic / FT-983 ","Jln. Tgk. Mohd. Daud Beureueh No. 26 Kuta Alam Kuta Alam Banda Aceh     ","","","","","1.00","unit","","1,960,000.00","1,960,000.00","Pengadaan APBD","12/31/2014","BADAN PERENCANAAN PEMBANGUNAN DAERAH ACEH","","Faximili/ Pada P2K","","","","","","","",""
"Alat Komunikasi","Alat Komunikasi Telephone","Facsimile","1101001135000000000000020151320602010100000001","1101001135000000000000020151320602010100000001","Facsimile","    ","","Merk: Panasonic KX-Fl 422 CCX ","Jln. Tgk. Mohd. Daud Beureueh No. 26 Kuta Alam Kuta Alam Banda Aceh     ","","","","","1.00","unit","","3,858,000.00","3,858,000.00","Pengadaan APBD","12/31/2015","BADAN PERENCANAAN PEMBANGUNAN DAERAH ACEH","","","","","","","","","",""
"Alat Komunikasi","Alat Komunikasi Sosial","Wireless Amplifier","1101001135000000000000020221320602060020000001","1101001135000000000000020221320602060020000001","Wireless Amplifier","    ","","Merk: Portable Amplifier Wireless Speaker (TOA ZW-G810CU) ","Jln. Tgk. Mohd. Daud Beureueh No. 26 Kuta Alam Kuta Alam Banda Aceh     ","","","","","1.00","unit","","11,000,100.00","11,000,100.00","Pengadaan APBD","12/31/2022","BADAN PERENCANAAN PEMBANGUNAN DAERAH ACEH","","Wireless Amplifier","","","","","","","",""
"Alat Komunikasi","Alat Komunikasi Sosial","Wireless Amplifier","1101001135000000000000020221320602060020000002","1101001135000000000000020221320602060020000002","Wireless Amplifier","    ","","Merk: Portable Amplifier Wireless Speaker (TOA ZW-G810CU) ","Jln. Tgk. Mohd. Daud Beureueh No. 26 Kuta Alam Kuta Alam Banda Aceh     ","","","","","1.00","unit","","11,000,100.00","11,000,100.00","Pengadaan APBD","12/31/2022","BADAN PERENCANAAN PEMBANGUNAN DAERAH ACEH","","Wireless Amplifier","","","","","","","",""
"Peralatan Pemancar","Peralatan Penerima dan Pengirim Gambar Ke Permukaan","Scanner Facsimile","1101001135000000000000020071320603450010000001","1101001135000000000000020071320603450010000001","Scanner Facsimile","    ","","Merk: UMAXP0WER LOOK ","Jln. Tgk. Mohd. Daud Beureueh No. 26 Kuta Alam Kuta Alam Banda Aceh     ","","","","","1.00","unit","","17,500,000.00","17,500,000.00","Hibah","12/31/2007","BADAN PERENCANAAN PEMBANGUNAN DAERAH ACEH","","Hibah BRR sesuai dengan LHI. Thn 2012 No. LHI.001/BAPPEDAPROV.ACEH/TLBRR/V/2012. (Pengadaan Komputer pada Badan Pendidikan dan Pelatihan Provinsi NAD dan Pusat Pembelajaran Berbasis masyarak kabupaten","","","","","","","",""
"Peralatan Komunikasi Navigasi","Peralatan Komunikasi Untuk Dokumentasi","Unit Remote Control","1101001135000000000000020191320604060050000001","1101001135000000000000020191320604060050000001","Unit Remote Control","    ","","Merk: DJI Phnatom 4 Pro Remote Control ","Jln. Tgk. Mohd. Daud Beureueh No. 26 Kuta Alam Kuta Alam Banda Aceh     ","","","","","1.00","unit","","7,260,000.00","7,260,000.00","Pengadaan APBD","12/31/2019","BADAN PERENCANAAN PEMBANGUNAN DAERAH ACEH","","Remote Drone","","","","","","","",""
