"Kategori ","Sub Kategori","Nama Barang","NIBAR"," Nomor Register","Spesifikasi Nama Barang","Spesifikasi Lainnya","","Merek","Tipe","Lokasi","Nomor Polisi","Nomor Rangka","Nomor Mesin","Nomor BPKB","Jumlah","Satuan","","Harga Satuan Perolehan Rp.","Nilai Perolehan Rp.","Cara Perolehan","Tanggal  Perolehan","Status Penggunaan","","Keterangan","","No. BAST","Pengguna","Bidang","Link","Masa berlaku Pajak","Masa berlaku STNK","Ket","Ket"
"Alat Angkutan Darat Bermotor","Kendaraan Dinas Bermotor Perorangan ","Jeep","1101001135000000000000019931320201010020000001","1101001135000000000000019931320201010020000001","DAIHATSU TAFT ROCKY 1993","Type : F75 Jeep Warna Putih, 2765 cc","","Daihatsu"," ROCKY Taft GT/F 70 ","Jln. Tgk. Mohd. Daud Beureueh No. 26  Kel. Kuta Alam Kec. Kuta Alam KOTA BANDA ACEH PROVINSI ACEH","BL 263 AH / BL 1046 JC","958927","964575","9124698-A","1.00","unit","","45,000,000.00","45,000,000.00","Pengadaan APBD","12/31/1993","BADAN PERENCANAAN PEMBANGUNAN DAERAH ACEH","","","","09/BAST.K/I/2023 Tanggal 30-1- 2023","Pool","Pool",""," 15-10-2023"," 15-10-2023","",""
"Alat Angkutan Darat Bermotor","Kendaraan Dinas Bermotor Perorangan ","Jeep","1101001135000000000000020021320201010020000001","1101001135000000000000020021320201010020000001","Nissan Terrano 2002","Nissan Terano F2, Warna Hitam Silver, ","","Nissan","Terrano Kingsroad F 2 ","Jln. Tgk. Mohd. Daud Beureueh No. 26   Kel. Kuta Alam Kec. Kuta Alam KOTA BANDA ACEH PROVINSI ACEH","BL-1095-AR","WND21-GG4639","","1967257-A","1.00","unit","","299,900,000.00","299,900,000.00","Pengadaan APBD","12/31/2002","BADAN PERENCANAAN PEMBANGUNAN DAERAH ACEH","","","","09/BAST.K/I/2023 Tanggal 30-1- 2023","Pool","Pool","","","","",""
"Alat Angkutan Darat Bermotor","Kendaraan Dinas Bermotor Perorangan ","Jeep","1101001135000000000000020021320201010020000002","1101001135000000000000020021320201010020000002","Land Cruiser 2002","    ","","Toyota"," Land Cruiser ","Jln. Tgk. Mohd. Daud Beureueh No. 26   Kel. Kuta Alam Kec. Kuta Alam KOTA BANDA ACEH PROVINSI ACEH","BL 7393 NO","JTECB01J-401026668","","","1.00","unit","","650,000,000.00","650,000,000.00","Hibah","12/31/2002","BADAN PERENCANAAN PEMBANGUNAN DAERAH ACEH","","","","09/BAST.K/I/2023 Tanggal 30-1- 2023","Pool","Pool","","","","",""
"Alat Angkutan Darat Bermotor","Kendaraan Dinas Bermotor Perorangan ","Jeep","1101001135000000000000020091320201010020000001","1101001135000000000000020091320201010020000001","CRV 2009","    ","","Honda  ","CRV RE1 2WD 2.0 AT CKD ","Jln. Tgk. Mohd. Daud Beureueh No. 26   Kel. Kuta Alam Kec. Kuta Alam KOTA BANDA ACEH PROVINSI ACEH","BL-1028-AR","MHRRE18409J900837","","9739497-A","1.00","unit","","376,000,000.00","376,000,000.00","Pengadaan APBD","12/31/2009","BADAN PERENCANAAN PEMBANGUNAN DAERAH ACEH","","Pemindahan Catatan dari DPKA","","09/BAST.K/I/2023 Tanggal 30-1- 2023","Pool","Pool","","","","",""
"Alat Angkutan Darat Bermotor","Kendaraan Dinas Bermotor Perorangan ","Jeep","1101001135000000000000020131320201010020000001","1101001135000000000000020131320201010020000001","Fortuner 2013","    ","","Toyota  ","Fortuner 2.7 V Automatic (TGN5) ","Jln. Tgk. Mohd. Daud Beureueh No. 26   Kel. Kuta Alam Kec. Kuta Alam KOTA BANDA ACEH PROVINSI ACEH","BL 145 AC","MHFYX59GXD8049276","","02570519","1.00","unit","","520,210,000.00","520,210,000.00","Pengadaan APBD","12/31/2013","BADAN PERENCANAAN PEMBANGUNAN DAERAH ACEH","","Penambahan Nilai sesuai revisi BAST No. 602/693/2013","","09/BAST.K/I/2023 Tanggal 30-1- 2023","Pool","Pool","","","","",""
"Alat Angkutan Darat Bermotor","Kendaraan Dinas Bermotor Perorangan ","Jeep","1101001135000000000000020131320201010020000002","1101001135000000000000020131320201010020000002","Pajero Sport (4x4) 2013","    ","","Mitsubishi ","New Pajero Sport-Dakkar 2.5 HP-E (4x4) ","Jln. Tgk. Mohd. Daud Beureueh No. 26  Kel. Kuta Alam Kec. Kuta Alam KOTA BANDA ACEH PROVINSI ACEH","BL 1052 AI","MMBGYKH40ED002967","","02756507","1.00","unit","","533,900,000.00","533,900,000.00","Pengadaan APBD","12/31/2013","BADAN PERENCANAAN PEMBANGUNAN DAERAH ACEH","","Pemindahan Catatan Dari DPKA","","09/BAST.K/I/2023 Tanggal 30-1- 2023","Pool","Pool","","","","",""
"Alat Angkutan Darat Bermotor","Kendaraan Bermotor Penumpang","Mini Bus ( Penumpang 14 Orang Kebawah )","1101001135000000000000019971320201020030000001","1101001135000000000000019971320201020030000001","Kijang Kapsul 1997","    ","","Toyota  ","Kijang Super KF 70 Short ","Jln. Tgk. Mohd. Daud Beureueh No. 26  Kel. Kuta Alam Kec. Kuta Alam KOTA BANDA ACEH PROVINSI ACEH","BL 1056 JG","MHF11KF70-00003792","7K0118642","6233420-A","1.00","unit","","34,500,000.00","34,500,000.00","Pengadaan APBD","12/31/1997","BADAN PERENCANAAN PEMBANGUNAN DAERAH ACEH","","","","09/BAST.K/I/2023 Tanggal 30-1- 2023","Pool","Pool",""," 18-2-2025"," 18-2-2026","",""
"Alat Angkutan Darat Bermotor","Kendaraan Bermotor Penumpang","Mini Bus ( Penumpang 14 Orang Kebawah )","1101001135000000000000020051320201020030000001","1101001135000000000000020051320201020030000001","Mitsubisis Kuda 2005","    ","","Mitsubishi","KUDA V85W GLX/Deluxe ","Jln. Tgk. Mohd. Daud Beureueh No. 26   Kel. Kuta Alam Kec. Kuta Alam KOTA BANDA ACEH PROVINSI ACEH","BL 1946 AU","MHMVB5WJR5K002798","4D56495563","7124943-A","1.00","unit","","80,000,000.00","80,000,000.00","Hibah","12/31/2005","BADAN PERENCANAAN PEMBANGUNAN DAERAH ACEH","","IOM","","09/BAST.K/I/2023 Tanggal 30-1- 2023","Pool","Pool","BL 1946 AU'!A1"," 7-4-2021"," 7-4-2023","Pinjam Pakai Pesantren","Pinjam Pakai Pesantren"
"Alat Angkutan Darat Bermotor","Kendaraan Bermotor Penumpang","Mini Bus ( Penumpang 14 Orang Kebawah )","1101001135000000000000020051320201020030000002","1101001135000000000000020051320201020030000002"," INNOVA G 2005","    ","","Toyota  "," KIJANG INNOVA G (TGN40R-GKMDK) ","Jln. Tgk. Mohd. Daud Beureueh No. 26  Kel. Kuta Alam Kec. Kuta Alam KOTA BANDA ACEH PROVINSI ACEH","BL 107 AI","MHXFW426752034094","","5346423-A","1.00","unit","","179,800,000.00","179,800,000.00","Hibah","12/31/2005","BADAN PERENCANAAN PEMBANGUNAN DAERAH ACEH","","HIBAH BRR","","10/BAST.K/I/2023 Tanggal 30-1- 2023","P2K","P2K","BL 107 AI'!A1","","","",""
"Alat Angkutan Darat Bermotor","Kendaraan Bermotor Penumpang","Mini Bus ( Penumpang 14 Orang Kebawah )","1101001135000000000000020061320201020030000001","1101001135000000000000020061320201020030000001"," INNOVA G 2006","    ","","Toyota  ","KIJANG INNOVA G (TGN40R-GKMDK) ","Jln. Tgk. Mohd. Daud Beureueh No. 26   Kel. Kuta Alam Kec. Kuta Alam KOTA BANDA ACEH PROVINSI ACEH","BL 1072 AN","MHFXW42G452057493","1TR6197985","8881234-A","1.00","unit","","127,227,000.00","127,227,000.00","Hibah","12/31/2006","BADAN PERENCANAAN PEMBANGUNAN DAERAH ACEH","","UNDP","","09/BAST.K/I/2023 Tanggal 30-1- 2023","Pool","Pool",""," 6-4-2025"," 6-4-2026","",""
"Alat Angkutan Darat Bermotor","Kendaraan Bermotor Penumpang","Mini Bus ( Penumpang 14 Orang Kebawah )","1101001135000000000000020061320201020030000002","1101001135000000000000020061320201020030000002"," INNOVA G 2006","    ","","Toyota  ","KIJANG INNOVA G (TGN40R-GKMDK) ","Jln. Tgk. Mohd. Daud Beureueh No. 26   Kel. Kuta Alam Kec. Kuta Alam KOTA BANDA ACEH PROVINSI ACEH","BL 1078 AI","MHFXW42G352057338","1TR6197459","8881265-A","1.00","unit","","127,227,000.00","127,227,000.00","Hibah","12/31/2006","BADAN PERENCANAAN PEMBANGUNAN DAERAH ACEH","","UNDP","","09/BAST.K/I/2023 Tanggal 30-1- 2023","Pool","Pool",""," 29-4-2025"," 29-4-2027","",""
"Alat Angkutan Darat Bermotor","Kendaraan Bermotor Penumpang","Mini Bus ( Penumpang 14 Orang Kebawah )","1101001135000000000000020071320201020030000004","1101001135000000000000020071320201020030000004","INNOVA G 2007","    ","","Toyota  ","KIJANG INNOVA G (TGN40R-GKMDK) ","Jln. Tgk. Mohd. Daud Beureueh No. 26   Kel. Kuta Alam Kec. Kuta Alam KOTA BANDA ACEH PROVINSI ACEH","BL 149 AB / BL 1069 AC","MHFXW42GX72084135","1TR6352236","08272023","1.00","unit","","133,800,000.00","133,800,000.00","Hibah","12/31/2007","BADAN PERENCANAAN PEMBANGUNAN DAERAH ACEH","","UNFPA","","09/BAST.K/I/2023 Tanggal 30-1- 2023","Pool","Pool",""," 29-4-2025"," 29-4-2027","",""
"Alat Angkutan Darat Bermotor","Kendaraan Bermotor Penumpang","Mini Bus ( Penumpang 14 Orang Kebawah )","1101001135000000000000020071320201020030000005","1101001135000000000000020071320201020030000005","INNOVA G 2007","    ","","Toyota  "," KIJANG INNOVA G (TGN40R-GKMDK) ","Jln. Tgk. Mohd. Daud Beureueh No. 26   Kel. Kuta Alam Kec. Kuta Alam KOTA BANDA ACEH PROVINSI ACEH","BL 217 J ","MHFXW4260721004991","","9561705-A","1.00","unit","","191,400,000.00","191,400,000.00","Hibah","12/31/2007","BADAN PERENCANAAN PEMBANGUNAN DAERAH ACEH","","HIBAH BRR","","10/BAST.K/I/2023 Tanggal 30-1- 2023","Pool","P2K","","","","",""
"Alat Angkutan Darat Bermotor","Kendaraan Bermotor Penumpang","Mini Bus ( Penumpang 14 Orang Kebawah )","1101001135000000000000020081320201020030000001","1101001135000000000000020081320201020030000001","TOYOTA RUSH 2008","    ","","Toyota  "," RUSH 1.5 S MT (F700RE-GMMFJ) ","Jln. Tgk. Mohd. Daud Beureueh No. 26  Kel. Kuta Alam Kec. Kuta Alam KOTA BANDA ACEH PROVINSI ACEH","BL 251 J / BL 1086 JC","MHFE2CJ3J8K013545","DBA5125","4587673-A","1.00","unit","","36,600,000.00","36,600,000.00","Pengadaan APBD","12/31/2008","BADAN PERENCANAAN PEMBANGUNAN DAERAH ACEH","","SharingWISMP","","09/BAST.K/I/2023 Tanggal 30-1- 2023","Pool","Pool",""," 24-11-2024"," 24-11-2028","",""
"Alat Angkutan Darat Bermotor","Kendaraan Bermotor Penumpang","Mini Bus ( Penumpang 14 Orang Kebawah )","1101001135000000000000020091320201020030000001","1101001135000000000000020091320201020030000001","INNOVA G 2009","    ","","Toyota  ","KIJANG INNOVA G (TGN40R-GKMDK) ","Jln. Tgk. Mohd. Daud Beureueh No. 26   Kel. Kuta Alam Kec. Kuta Alam KOTA BANDA ACEH PROVINSI ACEH","BL 1069 AE","MHFXW42G792145833","1TR6812195","1754590-A","1.00","unit","","201,636,364.00","201,636,364.00","Hibah","12/31/2009","BADAN PERENCANAAN PEMBANGUNAN DAERAH ACEH","","EDFF","","09/BAST.K/I/2023 Tanggal 30-1- 2023","Pool","Pool",""," 7-12-2024"," 7-12-2024","",""
"Alat Angkutan Darat Bermotor","Kendaraan Bermotor Penumpang","Mini Bus ( Penumpang 14 Orang Kebawah )","1101001135000000000000020101320201020030000001","1101001135000000000000020101320201020030000001","ISUZU PANTHER 2010","    ","","Isuzu","PANTHER TBR 54F Turbo LM ","Jln. Tgk. Mohd. Daud Beureueh No. 26   Kel. Kuta Alam Kec. Kuta Alam KOTA BANDA ACEH PROVINSI ACEH","BL 1037 AZ","MHCTBR54FAK303190","","00954226-A","1.00","unit","","189,477,500.00","189,477,500.00","Hibah","12/31/2010","BADAN PERENCANAAN PEMBANGUNAN DAERAH ACEH","","EDFF","","10/BAST.K/I/2023 Tanggal 30-1- 2023","P2K","P2K","","","","",""
"Alat Angkutan Darat Bermotor","Kendaraan Bermotor Penumpang","Mini Bus ( Penumpang 14 Orang Kebawah )","1101001135000000000000020121320201020030000001","1101001135000000000000020121320201020030000001","INNOVA 2012","    ","","Toyota  "," KIJANG INNOVA ","Jln. Tgk. Mohd. Daud Beureueh No. 26   Kel. Kuta Alam Kec. Kuta Alam KOTA BANDA ACEH PROVINSI ACEH","BL 15 AB / BL 1043 JA","MHFXW42G4C2226618","1TR7325075","05027998","1.00","unit","","258,950,000.00","258,950,000.00","Pengadaan APBD","12/31/2012","BADAN PERENCANAAN PEMBANGUNAN DAERAH ACEH","","Pemindahan catatan dari DPKA","","09/BAST.K/I/2023 Tanggal 30-1- 2023","Pool","Pool",""," 8-1-2025"," 8-1-2028","",""
"Alat Angkutan Darat Bermotor","Kendaraan Bermotor Penumpang","Mini Bus ( Penumpang 14 Orang Kebawah )","1101001135000000000000020191320201020030000001","1101001135000000000000020191320201020030000001","INNOVA REBORN 2.0 G 2019","    ","","Toyota  ","Kijang Innova 2,0 G A/T (TGN14) ","Jln. Tgk. Mohd. Daud Beureueh No. 26  Kel. Kuta Alam Kec. Kuta Alam KOTA BANDA ACEH PROVINSI ACEH","BL 1098 AS","MHFJW8EMOK2369739","1TRA617969","P-05430995","1.00","unit","","326,000,000.00","326,000,000.00","Pengadaan APBD","12/31/2019","BADAN PERENCANAAN PEMBANGUNAN DAERAH ACEH","","Kendaraan Bermotor Roda 4","","06/BAST.K/I/2023 Tanggal 30-1-2023","Muhammad Ikhsan, ST, MT,  M.Eng","Program","BL 1098 AS'!A1"," 15-10-2024"," 15-10-2024","",""
"Alat Angkutan Darat Bermotor","Kendaraan Bermotor Penumpang","Mini Bus ( Penumpang 14 Orang Kebawah )","1101001135000000000000020191320201020030000002","1101001135000000000000020191320201020030000002","INNOVA REBORN 2.0 G 2019","    ","","Toyota  ","Kijang Innova 2,0 G A/T (TGN14) ","Jln. Tgk. Mohd. Daud Beureueh No. 26   Kel. Kuta Alam Kec. Kuta Alam KOTA BANDA ACEH PROVINSI ACEH","BL 1097 AS","MHFJW8EMXK2376004","1TRA681973","P-05426865","1.00","unit","","326,000,000.00","326,000,000.00","Pengadaan APBD","12/31/2019","BADAN PERENCANAAN PEMBANGUNAN DAERAH ACEH","","Kendaraan Bermotor Roda 4",""," 19/BAST/VII/2024 Tanggal 16 Juli 2024","Elva Rahmi, MT","PEPD","BL 1097 AS'!A1"," 15-10-2024"," 15-10-2024","",""
"Alat Angkutan Darat Bermotor","Kendaraan Bermotor Penumpang","Mini Bus ( Penumpang 14 Orang Kebawah )","1101001135000000000000020191320201020030000003","1101001135000000000000020191320201020030000003","INNOVA REBORN 2.4 V 2019","    ","","Toyota  ","Kijang Innova 2.4 V M/T (GUN14) ","Jln. Tgk. Mohd. Daud Beureueh No. 26   Kel. Kuta Alam Kec. Kuta Alam KOTA BANDA ACEH PROVINSI ACEH","BL 1096 AS","MHFGB8EM9K0430748","2GDC585726","P-05430999","1.00","unit","","387,000,000.00","387,000,000.00","Pengadaan APBD","12/31/2019","BADAN PERENCANAAN PEMBANGUNAN DAERAH ACEH","","Kendaraan Bermotor Roda 4","","18/BAST/VII/2024Tanggal  2 Juli 2024"," drh. Nurkhalis, MT, M.Si","Litbang","BL 1096 AS'!A1"," 15-10-2024"," 15-10-2024","",""
"Alat Angkutan Darat Bermotor","Kendaraan Bermotor Penumpang","Mini Bus ( Penumpang 14 Orang Kebawah )","1101001135000000000000020191320201020030000004","1101001135000000000000020191320201020030000004","INNOVA REBORN 2.4 V 2019","Minibus, Warna Hitam Metalik, 2.393 CC, Solar","","Toyota  ","New Kijang Innova 2,4 V M/T Diesel Vin 2019 ","Jln. Tgk. Mohd. Daud Beureueh No. 26  Kel. Kota Baru Kec. Kuta Alam KOTA BANDA ACEH PROVINSI ACEH","BL 1094 AS","MHFGB8EM3K0430521","2GDC581905","P-05430997","1.00","unit","","387,000,000.00","387,000,000.00","Pengadaan APBD","12/31/2019","BADAN PERENCANAAN PEMBANGUNAN DAERAH ACEH","","Kendaraan Bermotor Roda 4","","04/BAST.K/I/2023 Tanggal 30-1-2023","Dedi Fahrian, ST, MT","P2IK","BL 1094 AS'!A1"," 15-10-2024"," 15-10-2024","",""
"Alat Angkutan Darat Bermotor","Kendaraan Bermotor Penumpang","Mini Bus ( Penumpang 14 Orang Kebawah )","1101001135000000000000020191320201020030000005","1101001135000000000000020191320201020030000005","INNOVA REBORN 2.4 V 2019","Minibus, Warna Hitam Metalik, 2.393 CC, Solar","","Toyota  ","Kijang Innova 2.4 V M/T (GUN14) ","Jln. Tgk. Mohd. Daud Beureueh No. 26   Kel. Kuta Alam Kec. Kuta Alam KOTA BANDA ACEH PROVINSI ACEH","BL 1095 AS","MHFGB8EM5K0430567","2GDC589533","P-05430998","1.00","unit","","387,000,000.00","387,000,000.00","Pengadaan APBD","12/31/2019","BADAN PERENCANAAN PEMBANGUNAN DAERAH ACEH","","Kendaraan Bermotor Roda 4","","03/BAST.K/I/2023 Tanggal 30-1-2023","Reza Ferdian, SSTP, M.Si","P2ESDA","BL 1095 AS'!A1"," 15-10-2024"," 15-10-2024","",""
"Alat Angkutan Darat Bermotor","Kendaraan Bermotor Penumpang","Mini Bus ( Penumpang 14 Orang Kebawah )","1101001135000000000000020191320201020030000006","1101001135000000000000020191320201020030000006","INNOVA REBORN 2.4 V 2019","Minibus, Warna Putih, 2.393 CC, Solar","","Toyota  ","Kijang Innova 2.4 V M/T (GUN14) ","Jln. Tgk. Mohd. Daud Beureueh No. 26   Kel. Kuta Alam Kec. Kuta Alam KOTA BANDA ACEH PROVINSI ACEH","BL 1094 AO","MHFGB8EM5K0432593","2GDC581905","P-05478822","1.00","unit","","387,000,000.00","387,000,000.00","Pengadaan APBD","12/31/2019","BADAN PERENCANAAN PEMBANGUNAN DAERAH ACEH","","Kendaraan Bermotor Roda 4","","05/BAST.K/I/2023 Tanggal 30-1-2023","Setiawaty, SKM, MPH","P2KPSDM",""," 27-2-2025"," 27-2-2025","",""
"Alat Angkutan Darat Bermotor","Kendaraan Bermotor Penumpang","Mini Bus ( Penumpang 14 Orang Kebawah )","1101001135000000000000020191320201020030000007","1101001135000000000000020191320201020030000007","INNOVA Venturer 2019","Minibus, Warna Hitam Metalik, 1.998 CC, Premium","","Toyota  ","Kijang Innova 2,0 G A/T (TGN14) ","Jln. Tgk. Mohd. Daud Beureueh No. 26   Kel. Kuta Alam Kec. Kuta Alam KOTA BANDA ACEH PROVINSI ACEH","BL 1099 AS","MHFAW8EM1K0213219","1TRA633548","P-05430996","1.00","unit","","419,000,000.00","419,000,000.00","Pengadaan APBD","12/31/2019","BADAN PERENCANAAN PEMBANGUNAN DAERAH ACEH","","Kendaraan Bermotor Roda 4","","09/BAST.K/I/2023 Tanggal 30 -1-2023","Pool","Pool","BL 1099 AS'!A1"," 15-10-2024"," 15-10-2024","",""
"Alat Angkutan Darat Bermotor","Kendaraan Bermotor Penumpang","Mini Bus ( Penumpang 14 Orang Kebawah )","1101001135000000000000020191320201020030000008","1101001135000000000000020191320201020030000008","Hilux Double Cabin 2,4 G 2019","Double Cabin, Warna Hitam Metalik, 2.393 CC, Solar","","Toyota  ","New Hilux Double Cabin 2,4 G (4x4) M/T Diesel Vin ","Jln. Tgk. Mohd. Daud Beureueh No. 26   Kel. Kuta Alam Kec. Kuta Alam KOTA BANDA ACEH PROVINSI ACEH","BL 8016 JA","MROKB8CD3K1209957","2GD0755060","P-05492430","1.00","unit","","424,000,000.00","424,000,000.00","Pengadaan APBD","12/31/2019","BADAN PERENCANAAN PEMBANGUNAN DAERAH ACEH","","Kendaraan Bermotor Roda 4","","09/BAST.K/I/2023 Tanggal 30 -1-2023","Pool","Pool",""," 27-2-2025"," 27-2-2025","",""
"Alat Angkutan Darat Bermotor","Kendaraan Bermotor Penumpang","Mini Bus ( Penumpang 14 Orang Kebawah )","1101001135000000000000020191320201020030000009","1101001135000000000000020191320201020030000009","HIACE 2019","Microbus, Warna Silver Metalik, 2.494 CC, Solar","","Toyota  ","HI ACE Commuter M/T (KDH222R) ","Jln. Tgk. Mohd. Daud Beureueh No. 26   Kel. Kuta Alam Kec. Kuta Alam KOTA BANDA ACEH PROVINSI ACEH","BL 7030 AD","JTFSS22P2K0186837","2KDB008785","P-05431034","1.00","unit","","471,000,000.00","471,000,000.00","Pengadaan APBD","12/31/2019","BADAN PERENCANAAN PEMBANGUNAN DAERAH ACEH","","Kendaraan Bermotor Roda 4","","09/BAST.K/I/2023 Tanggal 30 -1-2023","Pool","Pool","BL 7030 AD'!A1"," 15-10-2024"," 15-10-2024","",""
"Alat Angkutan Darat Bermotor","Kendaraan Bermotor Penumpang","Mini Bus ( Penumpang 14 Orang Kebawah )","1101001135000000000000020191320201020030000010","1101001135000000000000020191320201020030000010","Fortuner 2.4 VRZ 2019","Jeep, Warna Hitam Metalik, 2.393 CC, Solar","","Toyota  ","Fortuner 2.4 VRZ 4x4 A/T ","Jln. Tgk. Mohd. Daud Beureueh No. 26  Kel. Kuta Alam Kec. Kuta Alam KOTA BANDA ACEH PROVINSI ACEH","BL 30","MHFHB3FSXK0036406","2GDC662883","P-05478821","1.00","unit","","654,000,000.00","654,000,000.00","Pengadaan APBD","12/31/2019","BADAN PERENCANAAN PEMBANGUNAN DAERAH ACEH","","Kendaraan Bermotor Roda 4","","01/BAST.K/I/2023 Tanggal 30-1-2023","DR. H.T. Ahmad Dadek, SH, MH","TU Pimpinan",""," 27-2-2025"," 27-2-2028","",""
"Alat Angkutan Darat Bermotor","Kendaraan Bermotor Penumpang","Mini Bus ( Penumpang 14 Orang Kebawah )","1101001135000000000000020221320201020030000001","1101001135000000000000020221320201020030000001","Pajero Sport 2,4 L 2022","Jeep, Warna Hitam Mika, 2.442 CC, Solar","","Mitsubishi ","Pajero Sport 2,4 L Dakkar - L (4x2) 8 A/T Vin 2022 ","Jln. Tgk. Mohd. Daud Beureueh No. 26   Kel. Kuta Alam Kec. Kuta Alam KOTA BANDA ACEH PROVINSI ACEH","BL 1054 AM","MK2KRWPNUNJ011029","4N15UJJ8880","T00647288","1.00","unit","","614,000,000.00","614,000,000.00","Pengadaan APBD","12/31/2022","BADAN PERENCANAAN PEMBANGUNAN DAERAH ACEH","","Minibus (Penumpang 14 orang kebawah)","","09/BAST.K/I/2023 Tanggal 30 -1-2023","Pool","Pool",""," 30-9-2024"," 30-9-2027","",""
"Alat Angkutan Darat Bermotor","Kendaraan Bermotor Angkutan Barang","Pick Up","1101001135000000000000020061320201030020000001","1101001135000000000000020061320201030020000001","Kijang Pick Up 2006","Pick Up Warna Hitam, 1781 cc","","Toyota  "," Kijang Standard KF 60 ","Jln. Tgk. Mohd. Daud Beureueh No. 26  Kel. Kuta Alam Kec. Kuta Alam KOTA BANDA ACEH PROVINSI ACEH","BL 8055 AF","MHF31KF6060053544","7K0860487","6017467-A","1.00","unit","","97,900,000.00","97,900,000.00","Hibah","12/31/2006","BADAN PERENCANAAN PEMBANGUNAN DAERAH ACEH","","BKRA","","09/BAST.K/I/2023 Tanggal 30 -1-2023","Pool","Pool","BL 8055 AF'!A1"," 31-5-2025"," 31-5-2028","",""
"Alat Angkutan Darat Bermotor","Kendaraan Bermotor Angkutan Barang","Pick Up","1101001135000000000000020121320201030020000001","1101001135000000000000020121320201030020000001","Double Cabin Hilux 2012","Double Cabin Warna Hitam Metalik, 2.494 cc","","Toyota  ","HiLux 2.5 G DC (4x4) M/T Diesel (Double Cabin) ","Jln. Tgk. Mohd. Daud Beureueh No. 26  Kel. Kuta Alam Kec. Kuta Alam KOTA BANDA ACEH PROVINSI ACEH","BL 8062 AN","MROFR22G5C0616952","2KDS079946","00000831","1.00","unit","","410,750,000.00","410,750,000.00","Pengadaan APBD","12/31/2012","BADAN PERENCANAAN PEMBANGUNAN DAERAH ACEH","","Pemindahana catatan dari DPKA","","09/BAST.K/I/2023 Tanggal 30 -1-2023","Pool","Pool","BL 8062 AN'!A1"," 14-5-2025"," 14-5-2028","",""
"Alat Angkutan Darat Bermotor","Kendaraan Bermotor Beroda Dua","Sepeda Motor","1101001135000000000000020011320201040010000001","1101001135000000000000020011320201040010000001","Sepeda Motor","NF 100 , Warna Hitam, 100 cc, Bensin","","Honda","SUPRA ","Jln. Tgk. Mohd. Daud Beureueh No. 26 Kuta Alam Kuta Alam Banda Aceh     ","BL 2835 AH","MH1KEV151KOO1988","KEV7E1000239","0513912-A","1.00","unit","","12,000,000.00","12,000,000.00","Pengadaan APBD","12/31/2001","BADAN PERENCANAAN PEMBANGUNAN DAERAH ACEH","","","","No. 01/BAST.K/I/2023 tanggal 30/01/2023","Syafrizal, S.Sos","Litbang",""," 9-11-2024"," 9-11-2027","",""
"Alat Angkutan Darat Bermotor","Kendaraan Bermotor Beroda Dua","Sepeda Motor","1101001135000000000000020051320201040010000001","1101001135000000000000020051320201040010000001","Sepeda Motor","FD125  XSD Warna Orange-Silver, 125 cc","","Suzuki","FD 125 XSD/SHOGUN 125 ","Jln. Tgk. Mohd. Daud Beureueh No. 26 Kuta Alam Kuta Alam Banda Aceh     ","BL 2157 AV","MH8FD125X5J604971","F4031D605212","7300912-B","1.00","unit","","10,476,232.00","10,476,232.00","Hibah","12/31/2005","BADAN PERENCANAAN PEMBANGUNAN DAERAH ACEH","","HIBAH BRR","","No. 02/BAST.K/I/2023 tanggal 30/01/2023","Iskandar, SE","Litbang","","Tidak Ada Nota Pajak","Tidak Ada STNK","BPKB nya ada","BPKB nya ada"
"Alat Angkutan Darat Bermotor","Kendaraan Bermotor Beroda Dua","Sepeda Motor","1101001135000000000000020051320201040010000002","1101001135000000000000020051320201040010000002","Sepeda Motor","FD 125 XSD, Warna Ubgu Hitam, 125 cc","","Suzuki","FD 125 XSD/SHOGUN 125 ","Jln. Tgk. Mohd. Daud Beureueh No. 26 Kuta Alam Kuta Alam Banda Aceh     ","BL 2158 AV","MH8FD125XJ685205","F4031D605205","7301004-B","1.00","unit","","10,476,232.00","10,476,232.00","Hibah","12/31/2005","BADAN PERENCANAAN PEMBANGUNAN DAERAH ACEH","","HIBAH BRR","","No. 45/BAST/VIII/2023 tanggal 14/08/2023","Kafrawi, SE","Keuangan","","Tidak Ada Nota Pajak","Tidak Ada STNK","BPKB nya tidak ada","BPKB nya tidak ada"
"Alat Angkutan Darat Bermotor","Kendaraan Bermotor Beroda Dua","Sepeda Motor","1101001135000000000000020051320201040010000003","1101001135000000000000020051320201040010000003","Sepeda Motor","    ","","Honda ","NF 100 SLD/SUPRA FIT ","Jln. Tgk. Mohd. Daud Beureueh No. 26 Kuta Alam Kuta Alam Banda Aceh     ","BL 2658 AB","MH1HB41145K147312","HB41E1114188","7526063-A","1.00","unit","","11,249,000.00","11,249,000.00","Hibah","12/31/2005","BADAN PERENCANAAN PEMBANGUNAN DAERAH ACEH","","HIBAH BRR","","No. 03/BAST.K/I/2023 tanggal 30/01/2023","M. Saman","Umum","","Tidak Ada Nota Pajak","Tidak Ada STNK","BPKB nya tidak ada","BPKB nya tidak ada"
"Alat Angkutan Darat Bermotor","Kendaraan Bermotor Beroda Dua","Sepeda Motor","1101001135000000000000020051320201040010000004","1101001135000000000000020051320201040010000004","Sepeda Motor","NF 100 SLD, Warna Hitam, 100cc","","Honda ","NF 100 SLD/SUPRA FIT ","Jln. Tgk. Mohd. Daud Beureueh No. 26 Kuta Alam Kuta Alam Banda Aceh     ","BL 2639 AB","MH1HB41145K162909","HB41E1169460","7526094-A","1.00","unit","","11,249,000.00","11,249,000.00","Hibah","12/31/2005","BADAN PERENCANAAN PEMBANGUNAN DAERAH ACEH","","HIBAH BRR","","No. 04/BAST.K/I/2023 tanggal 30/01/2023","Fitriansyah","Umum",""," 16-1-2025"," 16-1-2025","",""
"Alat Angkutan Darat Bermotor","Kendaraan Bermotor Beroda Dua","Sepeda Motor","1101001135000000000000020051320201040010000005","1101001135000000000000020051320201040010000005","Sepeda Motor","NF 125 D, Warna Hitam, 125 cc","","Honda ","KHARISMA 125 ","Jln. Tgk. Mohd. Daud Beureueh No. 26 Kuta Alam Kuta Alam Banda Aceh     ","BL 2371 AB","MH1JB22175K400949","JB22E1400159","5352442-A","1.00","unit","","12,911,000.00","12,911,000.00","Pengadaan APBD","12/31/2005","BADAN PERENCANAAN PEMBANGUNAN DAERAH ACEH","","","","No. 06/BAST.K/I/2023 tanggal 30/01/2023","M. Jamal Johan, SE","Litbang",""," 15-8-2024"," 15-8-2026","",""
"Alat Angkutan Darat Bermotor","Kendaraan Bermotor Beroda Dua","Sepeda Motor","1101001135000000000000020051320201040010000006","1101001135000000000000020051320201040010000006","Sepeda Motor","NF 125 D, Warna Hitam, 125 cc","","Honda ","KHARISMA ","Jln. Tgk. Mohd. Daud Beureueh No. 26 Kuta Alam Kuta Alam Banda Aceh     ","BL 2372 AB","MH1JB22195K406560","JB22E1404880","5352444-A","1.00","unit","","12,911,000.00","12,911,000.00","Hibah","12/31/2005","BADAN PERENCANAAN PEMBANGUNAN DAERAH ACEH","","","","No. 05/BAST.K/I/2023 tanggal 30/01/2023","Usman Raden","Umum",""," 15-8-2024"," 15-8-2026","",""
"Alat Angkutan Darat Bermotor","Kendaraan Bermotor Beroda Dua","Sepeda Motor","1101001135000000000000020051320201040010000007","1101001135000000000000020051320201040010000007","Sepeda Motor","NF 125 D, Warna Hitam, 125 cc","","Honda ","KHARISMA ","Jln. Tgk. Mohd. Daud Beureueh No. 26 Kuta Alam Kuta Alam Banda Aceh     ","BL 2373 AB","MH1JB22175K401311","JB22E1400537","5352443A","1.00","unit","","12,911,000.00","12,911,000.00","Hibah","12/31/2005","BADAN PERENCANAAN PEMBANGUNAN DAERAH ACEH","","","","No. 07/BAST.K/I/2023 tanggal 30/01/2023","Afrizal, SE","Program",""," 15-8-2024"," 15-8-2026","",""
"Alat Angkutan Darat Bermotor","Kendaraan Bermotor Beroda Dua","Sepeda Motor","1101001135000000000000020051320201040010000008","1101001135000000000000020051320201040010000008","Sepeda Motor","NF 125 SD Warna Hitam, 125 cc","","Honda ","KHARISMA ","Jln. Tgk. Mohd. Daud Beureueh No. 26 Kuta Alam Kuta Alam Banda Aceh     ","BL 2374 AB","MH1JB22145K406613","JB22E1404946","5352441-A","1.00","unit","","12,911,000.00","12,911,000.00","Pengadaan APBD","12/31/2005","BADAN PERENCANAAN PEMBANGUNAN DAERAH ACEH","","","","No. 08/BAST.K/I/2023 tanggal 30/01/2023","Zulham Efendi, SE","Umum",""," 15-8-2024"," 15-8-2025","",""
"Alat Angkutan Darat Bermotor","Kendaraan Bermotor Beroda Dua","Sepeda Motor","1101001135000000000000020051320201040010000009","1101001135000000000000020051320201040010000009","Sepeda Motor","GL 160 D, Warna Hitam, 160 cc","","Honda ","GL 160 D /MEGA PRO ","Jln. Tgk. Mohd. Daud Beureueh No. 26 Kuta Alam Kuta Alam Banda Aceh     ","BL 2406 AU","MH1KC11126K035742","KC11E1035657","2486292-A","1.00","unit","","16,390,000.00","16,390,000.00","Hibah","12/31/2005","BADAN PERENCANAAN PEMBANGUNAN DAERAH ACEH","","HIBAH BRR","","No. 09/BAST.K/I/2023 tanggal 30/01/2023","Marzuki, SE","P2IK",""," 14-12-2024"," 14-12-2028","",""
"Alat Angkutan Darat Bermotor","Kendaraan Bermotor Beroda Dua","Sepeda Motor","1101001135000000000000020061320201040010000001","1101001135000000000000020061320201040010000001","Sepeda Motor","NF100 SLD  Warna Hitam , 100 cc","","Honda ","SUPRA FIT ","Jln. Tgk. Mohd. Daud Beureueh No. 26 Kuta Alam Kuta Alam Banda Aceh     ","BL 2391 AR","MHIHB41176K256929","HB41E1253742","9992903-A","1.00","unit","","8,000,000.00","8,000,000.00","Hibah","12/31/2006","BADAN PERENCANAAN PEMBANGUNAN DAERAH ACEH","","ADB","","No. 010/BAST.K/I/2023 tanggal 30/01/2023","Suryadi B","Umum",""," 7-4-2025"," 7-4-2025","",""
"Alat Angkutan Darat Bermotor","Kendaraan Bermotor Beroda Dua","Sepeda Motor","1101001135000000000000020061320201040010000002","1101001135000000000000020061320201040010000002","Sepeda Motor","FD125 XSD Warna Orange Silver, 125 cc","","Suzuki","FD 125 XSD/SHOGUN 125 ","Jln. Tgk. Mohd. Daud Beureueh No. 26 Kuta Alam Kuta Alam Banda Aceh     ","BL 2151 AV","MH8FD125X6J625239","F4031D625398","8894722-B","1.00","unit","","10,476,232.00","10,476,232.00","Hibah","12/31/2006","BADAN PERENCANAAN PEMBANGUNAN DAERAH ACEH","","HIBAH BRR","","No. 011/BAST.K/I/2023 tanggal 30/01/2023","Ibnu Sina, S.Pd","Umum","","","","Nomor Polisi berbeda antara STNK dan BPKB","Nomor Polisi berbeda antara STNK dan BPKB"
"Alat Angkutan Darat Bermotor","Kendaraan Bermotor Beroda Dua","Sepeda Motor","1101001135000000000000020061320201040010000003","1101001135000000000000020061320201040010000003","Sepeda Motor","FD125  XSD Warna Biru Hitam, 125 cc","","Suzuki","FD 125 XSD/ SHOGUN 125 ","Jln. Tgk. Mohd. Daud Beureueh No. 26 Kuta Alam Kuta Alam Banda Aceh     ","BL 2155 AV","MH8FD125X6J759717","F4031D759896","2451733-B","1.00","unit","","10,476,232.00","10,476,232.00","Hibah","12/31/2006","BADAN PERENCANAAN PEMBANGUNAN DAERAH ACEH","","HIBAH BRR","","No. 012/BAST.K/I/2023 tanggal 30/01/2023","Herwandi","Umum","","Tidak Ada Nota Pajak","Tidak Ada STNK","BPKB nya ada","BPKB nya ada"
"Alat Angkutan Darat Bermotor","Kendaraan Bermotor Beroda Dua","Sepeda Motor","1101001135000000000000020061320201040010000004","1101001135000000000000020061320201040010000004","Sepeda Motor","NF 100 SLD Warna Hitam Merah, 100 cc","","Honda"," SUPRA FIT ","Jln. Tgk. Mohd. Daud Beureueh No. 26 Kuta Alam Kuta Alam Banda Aceh     ","BL 2985 AB","MH1HB41156K242309","HB41E1254902","8877532 A","1.00","unit","","12,000,000.00","12,000,000.00","Hibah","12/31/2006","BADAN PERENCANAAN PEMBANGUNAN DAERAH ACEH","","UNDP","","No. 013/BAST.K/I/2023 tanggal 30/01/2023","Zulliani, SE, M.Si","Keuangan",""," 14-3-2025"," 14-3-2025","",""
"Alat Angkutan Darat Bermotor","Kendaraan Bermotor Beroda Dua","Sepeda Motor","1101001135000000000000020061320201040010000005","1101001135000000000000020061320201040010000005","Sepeda Motor","NF 125 SD Warna Putih Merah, 125 cc","","Honda"," SUPRA X CAKRAM ","Jln. Tgk. Mohd. Daud Beureueh No. 26 Kuta Alam Kuta Alam Banda Aceh     ","BL 2984 AB","MH1JB51166K473735","JB51E1459425","8877531-A","1.00","unit","","12,000,000.00","12,000,000.00","Hibah","12/31/2006","BADAN PERENCANAAN PEMBANGUNAN DAERAH ACEH","","UNDP","","No. 014/BAST.K/I/2023 tanggal 30/01/2023","M. Thaib Yahya","Umum",""," 14-3-2025"," 14-3-2025","",""
"Alat Angkutan Darat Bermotor","Kendaraan Bermotor Beroda Dua","Sepeda Motor","1101001135000000000000020061320201040010000006","1101001135000000000000020061320201040010000006","Sepeda Motor","NF 100 SLD Warna Hitam  Biru, 100 cc","","Honda "," SUPRA FIT ","Jln. Tgk. Mohd. Daud Beureueh No. 26 Kuta Alam Kuta Alam Banda Aceh     ","BL 2983 AB","MHIHB1466K242309","HB41244553","8877530 A","1.00","unit","","12,000,000.00","12,000,000.00","Hibah","12/31/2006","BADAN PERENCANAAN PEMBANGUNAN DAERAH ACEH","","UNDP","","No. 015/BAST.K/I/2023 tanggal 30/01/2023","Fauzan, ST","P2IK",""," 14-3-2025"," 14-3-2025","",""
"Alat Angkutan Darat Bermotor","Kendaraan Bermotor Beroda Dua","Sepeda Motor","1101001135000000000000020061320201040010000007","1101001135000000000000020061320201040010000007","Sepeda Motor","NF 100 SLD Warna Hitam Merah, 100 cc","","Honda"," NF 100 - SUPRA FIT ","Jln. Tgk. Mohd. Daud Beureueh No. 26 Kuta Alam Kuta Alam Banda Aceh     ","BL 2163 AU","MH1HB41116K671969","HB41E1656620","1457546-A","1.00","unit","","12,911,000.00","12,911,000.00","Hibah","12/31/2006","BADAN PERENCANAAN PEMBANGUNAN DAERAH ACEH","","ADB","","No. 41/BAST/VIII/2023 tanggal 07/08/2023","Bukhari","Umum",""," 3-11-2024"," 3-11-2026","",""
"Alat Angkutan Darat Bermotor","Kendaraan Bermotor Beroda Dua","Sepeda Motor","1101001135000000000000020061320201040010000008","1101001135000000000000020061320201040010000008","Sepeda Motor","GLP III Warna Hitam, 160 cc","","Honda"," GL P III/ MEGA PRO ","Jln. Tgk. Mohd. Daud Beureueh No. 26 Kuta Alam Kuta Alam Banda Aceh     ","BL 2255 AR","MH1KEHL106K171304","KEHLE1169785","8876707-A","1.00","unit","","15,740,000.00","15,740,000.00","Pengadaan APBD","12/31/2006","BADAN PERENCANAAN PEMBANGUNAN DAERAH ACEH","","HIBAH BRR","","No. 041/Umum-Bappeda/IX/2022 tanggal 30/09/2022","Said Hayuzar, MM","P2ESDA",""," 21-3-2025"," 14-3-2028","",""
"Alat Angkutan Darat Bermotor","Kendaraan Bermotor Beroda Dua","Sepeda Motor","1101001135000000000000020061320201040010000009","1101001135000000000000020061320201040010000009","Sepeda Motor","GL 160 D, Warna Hitam, 160 cc","","Honda"," GL 160 D/ MEGA PRO ","Jln. Tgk. Mohd. Daud Beureueh No. 26 Kuta Alam Kuta Alam Banda Aceh     ","BL 2322 AU","MH1KC11106K035691","KC11E1035605","2486211 A","1.00","unit","","16,390,000.00","16,390,000.00","Hibah","12/31/2006","BADAN PERENCANAAN PEMBANGUNAN DAERAH ACEH","","HIBAH BRR","","No. 017/BAST.K/I/2023 tanggal 30/01/2023","Zainuddin","Umum","","","","",""
"Alat Angkutan Darat Bermotor","Kendaraan Bermotor Beroda Dua","Sepeda Motor","1101001135000000000000020191320201040010000001","1101001135000000000000020191320201040010000001","Sepeda Motor","Type : 2DP R A/T Warna Hitam, 155 cc","","Yamaha "," N-MAX 155 Non ABS ","Jln. Tgk. Mohd. Daud Beureueh No. 26 Kuta Alam Kuta Alam Banda Aceh     ","BL 2881 AN","MH3SG3190KJ668419","G3E4E1574398","P-05406720","1.00","unit","","27,872,000.00","27,872,000.00","Pengadaan APBD","12/31/2019","BADAN PERENCANAAN PEMBANGUNAN DAERAH ACEH","","Sepeda Motor Roda 2","","No. 006/UMUM-BAPPEDA/II/2021 tanggal 05/02/2023","H.T.Ahmad Dadek, SH, MH","TU Pimpinan",""," 3-9-2024"," 3-9-2024","",""
"Alat Angkutan Darat Bermotor","Kendaraan Bermotor Beroda Dua","Sepeda Motor","1101001135000000000000020191320201040010000002","1101001135000000000000020191320201040010000002","Sepeda Motor","Type : 2DP R A/T Warna Hitam, 155 cc","","Yamaha "," N-MAX 155 Non ABS ","Jln. Tgk. Mohd. Daud Beureueh No. 26 Kuta Alam Kuta Alam Banda Aceh     ","BL 2882 AN","MH3SG3190KJ682246","G3E4E1591647","P-05406721","1.00","unit","","27,872,000.00","27,872,000.00","Pengadaan APBD","12/31/2019","BADAN PERENCANAAN PEMBANGUNAN DAERAH ACEH","","Sepeda Motor Roda 2","","","Syamsul Bahari","Sekretariat",""," 3-9-2024"," 3-9-2024","",""
"Alat Angkutan Darat Bermotor","Kendaraan Bermotor Beroda Dua","Sepeda Motor","1101001135000000000000020221320201040010000001","1101001135000000000000020221320201040010000001","Sepeda Motor","Type : X1H02N32L1A/T Warna Hitam, 160 cc","","Honda ","Solo ","Jln. Tgk. Mohd. Daud Beureueh No. 26 Kuta Alam Kuta Alam Banda Aceh     ","BL 2549 AP","MH1KF0115NK189622","KF01E1189856","T00658499","1.00","unit","","26,333,000.00","26,333,000.00","Pengadaan APBD","12/31/2022","BADAN PERENCANAAN PEMBANGUNAN DAERAH ACEH","","Sepeda Motor","","No. 045/UMUM-BAPPEDA/XI/2022 tanggal 11/11/2022","Nurhabibi, SE","Sekretariat",""," 16-12-2024"," 16-12-2027","",""
"Alat Angkutan Darat Bermotor","Kendaraan Bermotor Beroda Dua","Sepeda Motor","1101001135000000000000020221320201040010000002","1101001135000000000000020221320201040010000002","Sepeda Motor","Type X1H02N32L1A/T Warna HItam, 160 cc","","Honda ","Solo ","Jln. Tgk. Mohd. Daud Beureueh No. 26 Kuta Alam Kuta Alam Banda Aceh     ","BL 2548 AP","MH1KF0119NK189624","KF01E1189855","T00658367","1.00","unit","","26,333,000.00","26,333,000.00","Pengadaan APBD","12/31/2022","BADAN PERENCANAAN PEMBANGUNAN DAERAH ACEH","","Sepeda Motor","","No. 046/UMUM-BAPPEDA/XI/2022 tanggal 11/11/2022","Zulfikar, S.STP, M.Si","P2KPSDM",""," 16-12-2024"," 16-12-2027","",""
"Alat Angkutan Darat Bermotor","Kendaraan Bermotor Beroda Dua","Sepeda Motor","1101001135000000000000020221320201040010000003","1101001135000000000000020221320201040010000003","Sepeda Motor","Type X1H02N32L1A/T Warna Merah, 160 cc","","Honda","Solo ","Jln. Tgk. Mohd. Daud Beureueh No. 26 Kuta Alam Kuta Alam Banda Aceh     ","BL 2547 AP","MH1KF0117NK211426","KF01E1211443","T00658500","1.00","unit","","26,333,000.00","26,333,000.00","Pengadaan APBD","12/31/2022","BADAN PERENCANAAN PEMBANGUNAN DAERAH ACEH","","Sepeda Motor","","No. 047/UMUM-BAPPEDA/XI/2022 tanggal 11/11/2022","Firdaus, SE","Program",""," 16-12-2024"," 16-12-2027","",""
"Alat Angkutan Darat Bermotor","Kendaraan Bermotor Beroda Dua","Sepeda Motor","1101001135000000000000020221320201040010000004","1101001135000000000000020221320201040010000004","Sepeda Motor","Type X1H02N32L1A/T Warna Merah, 160 cc","","Honda ","Solo ","Jln. Tgk. Mohd. Daud Beureueh No. 26 Kuta Alam Kuta Alam Banda Aceh     ","BL 2546 AP","MH1KF0112NK211432","KF01E1211438","T00659001","1.00","unit","","26,333,000.00","26,333,000.00","Pengadaan APBD","12/31/2022","BADAN PERENCANAAN PEMBANGUNAN DAERAH ACEH","","Sepeda Motor","","Pinjam Pakai No. 001/II/2023 tanggal 24/02/2023","Azwir","Umum",""," 16-12-2024"," 16-12-2027","",""
"Alat Angkutan Darat Tak Bermotor","Kendaraan Tak Bermotor Angkutan Barang","Baggage Trolly","1102001135000000000000020171320202010090000001","1102001135000000000000020171320202010090000001","Baggage Trolly","    ","","Krisbow  ","RM 201290 ","Jln. Tgk. Mohd. Daud Beureueh No. 26 Kuta Alam Kuta Alam Banda Aceh     ","","","","","1.00","unit","","1,000,000.00","1,000,000.00","Pengadaan APBD","12/31/2017","BADAN PERENCANAAN PEMBANGUNAN DAERAH ACEH","","Trolley angkut","","","","","","","","",""
"Alat Angkutan Darat Tak Bermotor","Kendaraan Tak Bermotor Angkutan Barang","Baggage Trolly","1102001135000000000000020171320202010090000002","1102001135000000000000020171320202010090000002","Baggage Trolly","    ","","Krisbow ","","Jln. Tgk. Mohd. Daud Beureueh No. 26 Kuta Alam Kuta Alam Banda Aceh     ","","","","","1.00","unit","","1,000,000.00","1,000,000.00","Pengadaan APBD","12/31/2017","BADAN PERENCANAAN PEMBANGUNAN DAERAH ACEH","","Trolley angkut","","","","","","","","",""
